Stromanbieter,Adresse 1,PLZ,Stadt
RheinEnergie AG,Parkgürtel 24,50823,Köln
WSW Energie & Wasser AG,Bromberger Str. 39 - 41,42281,Wuppertal
enercity AG,Ihmeplatz 2,30449,Hannover
Elektrizitätswerke Schönau Vertriebs GmbH,Friedrichstraße 53/55,79677,Schönau/Schw.
Stadtwerke Leipzig GmbH,Eutritzscher Str. 17-19,04105,Leipzig
Stadtwerke Soest GmbH,Aldegreverwall 12,59494,Soest
Energiedienst AG,Schönenbergerstr. 10,79618,Rheinfelden
die energievorsorger GmbH,Höhenweg 14,49170,Hagen a.T.W.
BayWa Ökoenergie GmbH,Arabellastraße 4,81925,München
Greenpeace Energy eG,Hongkongstr. 10,20457,Hamburg
energieGUT GmbH,Bungertstr. 27,47053,Duisburg
badenova AG & Co. KG,Tullastraße 61,79108,Freiburg
MAINGAU Energie GmbH,Ringstraße 4 - 6,63179,Obertshausen
eprimo GmbH,Flughafenstrasse 20,63263,Neu-Isenburg
Yello Strom GmbH,Siegburger Straße 229,50679,Köln
team energie GmbH & Co. KG,team Allee 22,24392,Süderbrarup
MONTANA Energieversorgung GmbH & Co. KG,Dr.-Max-Straße 26,82031,Grünwald
lekker Energie GmbH,Invalidenstraße 17 a,10115,Berlin
Energieversorgung Filstal GmbH & Co. KG,Großeislinger Str. 30,73033,Göppingen
NaturStromHandel GmbH,Parsevalstraße 11,40468,Düsseldorf
LichtBlick SE,Zirkusweg 6,20359,Hamburg
Oberhessische Versorgungsbetriebe AG,Hanauer Straße 9-13,61169,Friedberg
Stadtwerke Schwerin GmbH (SWS),Eckdrift 43-45,19061,Schwerin
Stadtwerke Hamm GmbH,Südring 1 - 3,59065,Hamm
rhenag Rheinische Energie AG,Bayenthalgürtel 9,50968,Köln
Stadtwerke Duisburg AG,Bungertstr. 27,47053,Duisburg
LogoEnergie GmbH,Münsterstraße 9,53881,Euskirchen
EMB Energie Mark Brandenburg GmbH,Großbeerenstraße 181 - 18,14482,Potsdam
Stadtwerke Bochum GmbH,Ostring 28,44787,Bochum
NEW Niederrhein Energie und Wasser GmbH,Odenkirchener Str. 201,41236,Mönchengladbach
ENTEGA Energie GmbH,Frankfurter Str. 100,64293,Darmstadt
Stadtwerke Fellbach GmbH,Ringstraße 5,70736,Fellbach
susiEnergie GmbH,Gerberstraße 7,88250,Weingarten
Stadtwerke Tübingen GmbH,Eisenhutstr.6,72072,Tübingen
Stadtwerke Rostock AG,Schmarler Damm 5,18069,Rostock
Stadtwerke Wedel GmbH,Feldstraße 150,22880,Wedel
ESWE Versorgungs AG,Konradinerallee 25,65189,Wiesbaden
FairEnergie GmbH,Hauffstraße 89,72762,Reutlingen
Süwag Vertrieb AG & Co. KG,Schützenbleiche 9-11,65929,Frankfurt am Main
Stadtwerke Oranienburg GmbH,Klagenfurter Str. 41,16515,Oranienburg
EWE VERTRIEB GmbH,Cloppenburger Str. 310,26133,Oldenburg
Pfalzwerke AG,Kurfürstenstr. 29,67061,Ludwigshafen
TEAG Thüringer Energie AG,Schwerborner Straße 30,99087,Erfurt
E.ON Energie Deutschland GmbH,Arnulfstraße 203,80634,München
SWM Versorgungs GmbH,Emmy-Noether-Straße 2,80992,München
Stadtwerke Flensburg GmbH,Batteriestr. 48,24939,Flensburg
envia Mitteldeutsche Energie AG,Chemnitztalstraße 13,09114,Chemnitz
Stadtwerke Düsseldorf AG,Höherweg 100,40233,Düsseldorf
WEMAG AG,Obotritenring 40,19053,Schwerin
SWT Stadtwerke Trier Versorgungs-GmbH,Ostallee 7-13,54290,Trier
Mainova AG,Solmsstr. 38,60486,Frankfurt am Main
123energie - eine Marke der Pfalzwerke AG,Kurfürstenstraße 29,67061,Ludwigshafen
Vattenfall Europe Sales GmbH,Überseering 12,22297,Hamburg
EVH GmbH,Bornknechtstr. 5,06108,Halle
Aschaffenburger Versorgungs-GmbH,Werkstraße 2,63739,Aschaffenburg
Stromio GmbH,Postfach 1463,39004,Magdeburg
Grünwelt - eine Marke der Stromio GmbH,Girmes-Kreuz-Str. 55,41564,Kaarst
DREWAG - Stadtwerke Dresden GmbH,Friedrich-List-Platz 2,01069,Dresden
ENSO Energie Sachsen Ost AG,Friedrich-List-Platz 2,01069,Dresden
Mark-E Aktiengesellschaft,Körnerstraße 40,58095,Hagen
E WIE EINFACH GmbH,Salierring 47-53,50677,Köln
Stadtwerke Lübeck GmbH,Geniner Straße 80,23560,Lübeck
GGEW Gruppen-Gas- und Elektrizitätswerk Bergstraße AG,Dammstr. 68,64625,Bensheim
Städtische Werke AG Kassel,Königstor 3-13,34117,Kassel
energiehoch3 GmbH,Ostring 28,44787,Bochum
SE SAUBER ENERGIE GmbH & Co. KG,Bayenthalgürtel 9,50968,Köln
EnBW Energie Baden-Württemberg AG,Durlacher Allee 93,76131,Karlsruhe
Braunschweiger Versorgungs-AG & Co. KG,Taubenstraße 7,38106,Braunschweig
SWP Stadtwerke Pforzheim GmbH & Co. KG,Sandweg 22,75179,Pforzheim
Energieversorgung Oberhausen AG,Danziger Straße 31,46045,Oberhausen
Grünstromwerk Vertriebs GmbH,Englische Planke 2,20459,Hamburg
Stadtwerke Bielefeld GmbH,Schildescher Str. 16,33611,Bielefeld
Stadtwerke Troisdorf GmbH,Poststr. 105,53840,Troisdorf
Technische Werke Ludwigshafen AG,Industriestraße 3,67063,Ludwigshafen
Dessauer Stromversorgung GmbH,Albrechtstraße 48,06844,Dessau
RhönEnergie Fulda GmbH,Bahnhofstraße 2,36037,Fulda
Wir Energie - eine Marke der Energiehaus Dresden eG,Wiener Str. 114-116,01219,Dresden
ÜZW Energie AG,Regensburger Straße 33,84051,Altheim
Überlandwerk Erding GmbH & Co. KG,Am Gries 21,85435,Erding
Überlandwerk Krumbach GmbH,Bahnhofstraße 4,86381,Krumbach
Überlandwerk Leinetal GmbH,Am Eltwerk 1,31028,Gronau
Überlandwerk Rhön GmbH,Sondheimer Str. 5,97638,Mellrichstadt
Überlandwerk Schäftersheim GmbH & Co. KG,Klosterhof 3,97990,Weikersheim
17er Oberlandenergie GmbH,Viehmarktplatz 1,82418,Murnau am Staffelsee
24/7 Energie und Kommunikation GmbH,Meeboldstraße 1,89522,Heidenheim
AVU Aktiengesellschaft für Versorgungs-Unternehmen,An der Drehbank 18,58285,Gevelsberg
Abita Energie Otterberg GmbH,Bismarckstrasse 14,67655,Kaiserslautern
AggerEnergie GmbH,Alexander-Fleming-Str. 2,51643,Gummersbach
Ahrtal-Werke GmbH,Hauptstraße 116,53474,Bad Neuenahr-Ahrweiler
Albstadtwerke GmbH,Goethestraße 91,72461,Albstadt
Albwerk GmbH & Co. KG,Eybstr. 98-100,73312,Geislingen an der Steige
Allgäuer Überlandwerk GmbH,Illerstraße 18,87435,Kempten
Allgäuer Kraftwerke GmbH,Am Alten Bahnhof 10,87527,Sonthofen
Ammer-Loisach Energie GmbH,Schnitzlergasse 5,82487,Oberammergau
"BELKAW Bergische Licht-, Kraft- und Wasserwerke GmbH",Hermann-Löns-Str. 131-133,51469,Bergisch-Gladbach
BEW Bergische Energie- und Wasser-GmbH,Sonnenweg 30,51688,Wipperfürth
BIGGE ENERGIE GmbH & Co. KG,In der Stesse 14,57439,Attendorn
Bad Lauterberg Energie GmbH,Bahnhofstraße 17-19,37431,Bad Lauterberg im Harz
BeSte Stadtwerke GmbH,Im Altenhagen 1,32839,Steinheim
Blomberger Versorgungsbetriebe GmbH,Nederlandstraße 15,32825,Blomberg
Bocholter Energie- und Wasserversorgung GmbH,Kaiser-Wilhelm-Straße 1,46395,Bocholt
"E-Werk Satrup, Heinrich N. Clausen GmbH & Co.KG",Mühlenstraße 11,24986,Satrup
E-Werke Haniel Haimhausen OHG,Dachauer Straße 4 a,85778,Haimhausen
EAM Energie GmbH,Monteverdistraße 2,34131,Kassel
EGT Energievertrieb GmbH,Schonacher Str. 2,78098,Triberg
EMB - Energieversorgung Miltenberg-Bürgstadt GmbH & Co. KG,Luitpoldstraße 17,63897,Miltenberg
ENNI Energie & Umwelt Niederrhein GmbH,Uerdinger Straße 31,47441,Moers
ENRW Energieversorgung Rottweil GmbH & Co. KG,In der Au 5,78628,Rottweil
EWG Elektrizitätsversorgung Werther GmbH,Alte Bielefelder Straße 28,33824,Werther
EWR GmbH - Energie und Wasser für Remscheid,Neuenkamper Straße 81-87,42855,Remscheid
EWV Energie- und Wasser-Versorgung GmbH Stolberg,Willy-Brandt-Platz 2,52222,Stolberg
EZV Energie- und Service GmbH & Co. KG Untermain,Landstraße 47,63939,Wörth a. Main
Eichsfelder Energie- und Wasserversorgungsgesellschaft mbH,Am Euzenberg 32,37115,Duderstadt
Elektra-Genossenschaft Effeltrich eG,Hauptstr. 1,91090,Effeltrich
Elektrizitäts- und Wasserversorgungsgenossenschaft Vagen eG,Lindenstraße 14,83620,Feldkirchen-Westerham
Elektrizitäts-Genossenschaft Tacherting-Feichten e.G.,Stefan-Flötzl-Str. 4,83342,Tacherting
Elektrizitäts-Genossenschaft Vogling & Angrenzer eG,Höpfling 2,83313,Siegsdorf
Elektrizitäts-Genossenschaft Wolkersdorf und Umgebung eG,Schmidhamer Str. 26,83278,Traunstein-Wolkersdorf
Elektrizitäts-Werk Mainbernheim GmbH,Am Wehrbach 1,97350,Mainbernheim
Elektrizitäts-Werk Ottersberg,Grüne Straße 24,28870,Ottersberg
Elektrizitätsgenossenschaft Engelsberg e.G.,Osnabrücker Straße 31a,49219,Glandorf
Elektrizitätsgenossenschaft Karlstein eG,Weitwiesenring 6,83435,Bad Reichenhall
Elektrizitätsgenossenschaft Ohlstadt eG,Schwaigweg 7,82441,Ohlstadt
Elektrizitätsgenossenschaft Rettenberg eG,Burgberger Str. 24,87549,Rettenberg
Elektrizitätsvereinigung Böbing eG,Riedelweg 2,82389,Böbing
Elektrizitätsversorgung (EVU) der Gemeinde Gochsheim,Am Plan 4-6,97469,Gochsheim
Elektrizitätswerk Gemeinde Glattbach,Im Wiesengrund 3,63864,Glattbach
Elektrizitätswerk Hammermühle Versorgungsgesellschaft mbH,Im Geisenborn 4,56242,Selters
Elektrizitätswerk Hindelang eG,Weidachstrasse 9,87541,Bad Hindelang
Elektrizitätswerk Karl Stengle GmbH & Co KG,Niedere-Au-Straße 11,72108,Rottenburg a. N.
Elektrizitätswerk Oberwössen eG,Dorfstraße 28,83246,Oberwössen
Elektrizitätswerk Rieger GmbH & Co. KG,Friedrichstrasse 16,72805,Lichtenstein
Elektrizitätswerk Tegernsee Vertriebs- und Service-KG,Hochfeldstraße 3,83684,Tegernsee
Elektrizitätswerk Wanfried von Scharfenberg KG,Unter der Tränke 1,37281,Wanfried
Elektrizitätswerk des Kantons Schaffhausen AG,Rheinstr. 37,CH-8200 ,Schaffhausen
Elektrizitätswerke Reutte GmbH & Co KG,Lechhalde 1 1/2,87629,Füssen
Emscher Lippe Energie GmbH,Ebertstr.30,45879,Gelsenkirchen
EnBW Ostwürttemberg DonauRies Aktiengesellschaft ODR,Unterer Brühl 2,73479,Ellwangen
Energie Rhein-Sieg GmbH,Südstraße 27,53757,Sankt Augustin
Energie Südbayern GmbH,Ungsteiner Straße 31,81539,München
Energie Vorpommern GmbH,Wiesenweg 6,17449,Trassenheide
Energie Waldeck-Frankenberg GmbH,Arolser Landstr. 27,34497,Korbach
Energie und Versorgung Butzbach GmbH,Himmrichsweg 2,35510,Butzbach
Energie und Wasser Potsdam GmbH,Steinstr. 101,14480,Potsdam
Energie und Wasser Wahlstedt/Bad Segeberg GmbH & Co KG,Am Wasserwerk 5,23795,Bad Segeberg
Energie- und Wasserversorgung Altenburg GmbH,Franz-Mehring-Straße 6,04600,Altenburg
Energie- und Wasserversorgung Bünde GmbH,Osnabrücker Str. 205,32257,Bünde
Energie- und Wasserversorgung Bitz GmbH,Goethestraße 91,72461,Albstadt
Energie- und Wasserversorgung Bruchsal GmbH,,76646,Bruchsal
Energie- und Wasserversorgung Kirchzarten GmbH,Hauptstrasse 24,79199,Kirchzarten
Energie- und Wasserversorgung Rheine GmbH,Hafenbahn 10,48431,Rheine
Energie- und Wasserwerke Bautzen GmbH,Schäfferstraße 44,02625,Bautzen
Energie-Gesellschaft Unterkirnach mbH,Hauptstraße 5,78089,Unterkirnach
EnergieSüdwest Aktiengesellschaft,Industriestr. 18,76829,Landau
Energiegenossenschaft für Wittmund eG,Aseler-Str. 10,26409,Wittmund
Energieversorgung Bad Bentheim GmbH & Co. KG,Schloßstraße 2a,48455,Bad Bentheim
Energieversorgung Bad Boll GmbH,Eybstraße 98 - 102,73312,Geislingen
Energieversorgung Buching-Trauchgau GmbH,Lechbrucker Str. 4,87642,Halblech
Energieversorgung Dahlenburg-Bleckede AG,Lüneburger Straße 21,21368,Dahlenburg
Energieversorgung Gaildorf OHG,Burg 2,74405,Gaildorf - Unterrot
Energieversorgung Gera GmbH,De-Smit-Straße 18,07545,Gera
Energieversorgung Greiz GmbH,Mollbergstraße 20,07973,Greiz
Energieversorgung Lenningen GmbH,Eybstraße 98 - 102,73252,Lenningen
Energieversorgung Leverkusen GmbH & Co. KG,Overfeldweg 23,51371,Leverkusen
Energieversorgung Limburg GmbH,Ste.-Foy-Straße 36,65549,Limburg an der Lahn
Energieversorgung Lohr-Karlstadt und Umgebung GmbH,Zum Helfenstein 4 - 6,97753,Karlstadt
Energieversorgung Münchberg-Schwarzenbach/Saale GmbH & Co.KG,Mühlgasse 5,95213,Münchberg
Energieversorgung Main-Spessart GmbH,Boschweg 9,63741,Aschaffenburg
Energieversorgung Mainhardt Wüstenrot GmbH & Co. KG,Hauptstraße 1,74535,Mainhardt
Energieversorgung Mittelrhein AG,Ludwig-Erhard-Str. 8,56073,Koblenz
Energieversorgung Nordhausen GmbH,Straße der Genossenschaften 93,99734,Nordhausen
Energieversorgung Oberes Wiesental GmbH,Meinrad-Thoma-Straße 8a,79674,Todtnau
Energieversorgung Oberstdorf GmbH,Nebelhornstraße 51-53,87561,Oberstdorf
Energieversorgung Offenbach AG,Andréstraße 71,63067,Offenbach
Energieversorgung Oy-Kressen e.G.,Sonnenmulde 1,87466,Oy-Mittelberg
Energieversorgung Rüsselsheim GmbH,Walter-Flex-Straße 74,65428,Rüsselsheim
Energieversorgung Rudolstadt GmbH,Oststraße 18,07407,Rudolstadt
Energieversorgung Südbaar GmbH & Co.KG,Leo-Wohleb-Str. 3,78176,Blumberg
Energieversorgung Schmid,Mühlenstraße 44,83417,Kirchanschöring
Energieversorgung Sehnde GmbH,Nordstraße 19,31319,Sehnde
Energieversorgung Sylt GmbH,Friesische Str. 53,25980,Westerland
Energieversorgung Titisee-Neustadt GmbH,Gutachstr. 13,79822,Titisee-Neustadt
Energieversorgung Trossingen GmbH,Bahnhofstraße 9,78647,Trossingen
Energiewerk Meckenheim,Hauptstr. 58,67149,Meckenheim
Energiewerke Isernhagen GmbH,Bothfelder Straße 31,30916,Isernhagen
Energiewerke Zeulenroda GmbH,Lohweg 8,07937,Zeulenroda
Erhard Bürk-Kauffmann GmbH,Neuffenstraße 27-29,78056,Villingen-Schwenningen
Erlanger Stadtwerke AG,Äußere Bruckstr. 33,91052,Erlangen
FREITALER STROM+GAS GMBH,Potschappler Straße 2,01705,Freital/Sachsen
Feuchter Gemeindewerke GmbH,Unterer Zeidlerweg 1,90537,Feucht
Filderstadtwerke,Brühlstraße 41,70794,Filderstadt-Sielmingen
Fischereihafen-Betriebsgesellschaft mbH,Lengstraße 1,27572,Bremerhaven
Freiberger Stromversorgung GmbH,Poststraße 5,09599,Freiberg
Freisinger Stadtwerke Versorgungs-GmbH,Wippenhauser Str. 19,85354,Freising
GASPAR - eine Marke der rhenag Rheinische Energie AG,Bayenthalgürtel 9,50968,Köln
GEW Wilhelmshaven GmbH,Nahestraße 6,26382,Wilhelmshaven
GSW Gemeinschaftsstadtwerke GmbH Kamen - Bönen - Bergkamen,Poststraße 4,59174,Kamen
GWG Grevenbroich GmbH,Nordstrasse 36,41515,Grevenbroich
GWS Stadtwerke Hameln GmbH,Hafenstrasse 14,31785,Hameln
Gas- und Wasserversorgung Höxter GmbH,Corveyer Allee 21,37671,Höxter
Gebrüder Eirich GmbH & Co KG Elektrizitätswerk,Walldürner Str. 50,74736,Hardheim
Gebrüder Heinzelmann Elektrizitätswerk GmbH & Co. KG,Halmeil 3,77709,Wolfach-Halbmeil
Gemeinde Heroldsbach Stromversorgung,Hauptstraße 9,91336,Heroldsbach
Gemeindewerk Hördt,Am Deutschordensplatz 1,76761,Rülzheim
Gemeindewerke Ammerbuch GmbH,Kirchstraße 6,72119,Ammerbuch
Gemeindewerke Bad Sassendorf GmbH & Co. KG,Eichendorffstraße 1,59505,Bad Sassendorf
Gemeindewerke Baiersbronn,Oberdorfstr. 46,72270,Baiersbronn
Gemeindewerke Bobenheim-Roxheim,Rathausplatz,67240,Bobenheim-Roxheim
Gemeindewerke Budenheim AöR,Untere Stefanstr. 65,55257,Budenheim
Gemeindewerke Frammersbach,Marktplatz 3 (Rathaus),97833,Frammersbach
Gemeindewerke Garmisch-Partenkirchen,Adlerstraße 25,82467,Garmisch-Partenkirchen
Gemeindewerke Georgensgmünd,Bahnhofstrasse 4,91166,Georgensgmünd
Gemeindewerke Großkrotzenburg GmbH,Anne-Frank-Platz 10,63538,Großkrotzenburg
Gemeindewerke Gundelfingen GmbH,Alte Bundesstr. 31,79194,Gundelfingen
Gemeindewerke Hünxe GmbH,In der Beckkuhl 4,46569,Hünxe
Gemeindewerke Haßloch GmbH,Gottlieb-Duttenhöfer-Straße 27,67454,Haßloch
Gemeindewerke Halstenbek,Ostereschweg 9,25469,Halstenbek
Gemeindewerke Hardt,Mariazeller Str. 1,78739,Hardt
Gemeindewerke Heikendorf GmbH,Wasserwaage 1,24226,Heikendorf
Gemeindewerke Hermaringen,Karlstr. 12,89568,Hermaringen
Gemeindewerke Herxheim,Am Rathaus 6,76863,Herxheim
Gemeindewerke Hohenwestedt GmbH,Am Gaswerk 8,24594,Hohenwestedt
Gemeindewerke Holzkirchen GmbH,Industriestraße 8,83607,Holzkirchen
Gemeindewerke Kiefersfelden,Kufsteiner Straße 17,83088,Kiefersfelden
Gemeindewerke Krickenbach c/o Stadtwerke Kaiserslautern Versorgungs-AG,Burgstraße 11,67659,Kaiserslautern
Gemeindewerke Leck GmbH,Büllsbüller Chaussee 7,25917,Leck
Gemeindewerke Markt Lichtenau,Ansbacher Straße 11,91586,Lichtenau
Gemeindewerke Nüdlingen,Kissinger Str. 1,97720,Nüdlingen
Gemeindewerke Nümbrecht GmbH,Schulstraße 4,51588,Nümbrecht
Gemeindewerke Neuendettelsau,Johann-Flierl-Str. 19,91564,Neuendettelsau
Gemeindewerke Niefern-Öschelbronn,Friedenstraße 11,75223,Niefern-Öschelbronn
Gemeindewerke Oberaudorf Elektrizitäts- und Wasserwerk,Kranzhornstraße 2,83080,Oberaudorf
Gemeindewerke Oberhaching GmbH,Alpenstraße 11,82041,Oberhaching
Gemeindewerke Partenstein,Hauptstrasse 24,97846,Partenstein
Gemeindewerke Peißenberg KU,Forster Str. 19,82380,Peißenberg
Gemeindewerke Peiner Land GmbH & Co.KG,Woltorfer Straße 64,31224,Peine
Gemeindewerke Pleinfeld,Marktplatz 11,91785,Pleinfeld
Gemeindewerke Rückersdorf,Brunnenweg 9,90607,Rückersdorf
Gemeindewerke Rheinzabern,Hauptstraße 33,76764,Rheinzabern
Gemeindewerke Schönkirchen GmbH,Dorfstraße 4,24232,Schönkirchen
Gemeindewerke Schutterwald,Rathaus,77746,Schutterwald
Gemeindewerke Schwarzenbruck GmbH,Unterer Zeidlerweg 1,90537,Feucht
Gemeindewerke Sinzheim,Müllhofener Str. 22,76547,Sinzheim
Gemeindewerke Stammbach,Rathausstraße 7,95236,Stammbach
Gemeindewerke Steißlingen,Schulstr. 19,78256,Steißlingen
Gemeindewerke Steinhagen GmbH,Westernkamp 12,33803,Steinhagen
Gemeindewerke Stelzenberg c/o Stadtwerke Kaiserslautern Versorgungs-AG,Pirmasenser Straße 62,67655,Kaiserslautern
Gemeindewerke Stockelsdorf GmbH,Marienburgstraße 7,23617,Stockelsdorf
Gemeindewerke Taufkirchen (Vils) GmbH & Co. KG,Rathausplatz 1,84416,Taufkirchen (Vils)
Gemeindewerke Umkirch GmbH,Vinzenz-Kremp-Weg 1,79224,Umkirch
Gemeindewerke Waging,Salzburger Str. 1,83329,Waging am See
Gemeindewerke Weidenthal,Ramsteiner Weg 2,67685,Weilerbach
Gemeindewerke Wendelstein,Nürnberger Straße 5,90530,Wendelstein
Gemeindewerke Wildeck Obersuhl,Eisenacher Straße 98,36208,Wildeck Obersuhl
Gemeindewerken Bovenden GmbH & Co. KG,Rathausplatz 1,37120,Bovenden
Gemeindl. Werke Hengersberg,Mimminger Straße 2,94491,Hengersberg
Gemeindliche Stromversorgung Röttenbach,Ringstr. 46,91341,Röttenbach
Georg Oest Mineralölwerk GmbH & Co KG,Georg-Oest-Str. 4,72250,Freudenstadt
Gewerbepark Nürnberg-Feucht Versorgungs- und Abwasserentsorgungs GmbH,Unterer Zeidlerweg 1,90537,Feucht
Greenline - alternative energien GmbH,Edelmannstr. 22,39218,Schönebeck
HAMBURG ENERGIE GmbH,Billhorner Deich 2,20539,Hamburg
HEW HofEnergie+Wasser GmbH,Unterkotzauer Weg 25,95028,Hof
HEWA GmbH,Wilhelm-Ulmer-Str. 12,91217,Hersbruck
Harz Energie GmbH & Co. KG,Lasfelder Str. 10,37520,Osterode
Havelstrom Zehdenick GmbH,Schleusenstraße 22,16792,Zehdenick
Heinrich Klöcker GmbH & Co.KG,Ahauser Straße 21,46325,Borken
Hellweg Energie GmbH - eine Marke der Stadtwerke Lippstadt GmbH,Bunsenstr. 2,59557,Lippstadt
Herzo Werke GmbH,Schießhausstraße 9,91074,Herzogenaurach
ILZHÖFERS Nachf. Inh. Walch KG,Siebentischstr. 16a,86161,Augsburg
Köthen Energie GmbH,Lelitzer Straße 27 b,06366,Köthen
KBG KraftstromBezugsgenossenschaft Homberg eG,Ostpreußenweg 5,34576,Homberg/Efzen
KEV Energie GmbH (Energie Nordeifel),Hindenburgstraße 13,53925,Kall
KlickEnergie GmbH & Co. KG,Moselstraße 25-27,41464,Neuss
KommEnergie GmbH,Hauptplatz 4,82223,Eichenau
Kraftwerk Farchant A. Poettinger & Co KG,Esterbergstrasse 8,82490,Farchant
Kraftwerk Köhlgartenwiese GmbH,Tegernauer Ortsstrasse 9,79692,Kleines Wiesental
Kraftwerke Haag GmbH,Gabelsbergerstraße 25,83527,Haag i. OB
LSW Energie GmbH & Co. KG,Heßlinger Straße 1-5,38440,Wolfsburg
Licht- und Kraftwerke Helmbrechts GmbH,Münchberger Str. 65,95233,Helmbrechts
"Licht-, Kraft- und Wasserwerke Kitzingen GmbH",Wörthstraße 5,97318,Kitzingen
MANN Naturenergie GmbH & Co. KG,Schulweg 8 - 14,57520,Langenbach
MEGA Monheimer Elektrizitäts- und Gasversorgung GmbH,Daimlerstr. 10a,40789,Monheim am Rhein
MVV Energie AG,Luisenring 49,68159,Mannheim
Maintal-Werke-GmbH,Neckarstraße 7,63477,Maintal-Dörnigheim
Mainzer Stadtwerke Vertrieb und Service GmbH,Rheinallee 41,55118,Mainz
Meißener Stadtwerke GmbH,Karl-Niesner-Str. 1,01662,Meißen
Mindener Stadtwerke GmbH,Großer Domhof 3,32423,Minden
NEW AG,Odenkirchenerstr. 201,41236,Mönchengladbach
NEW Tönisvorst GmbH,Ringstraße 1,47918,Tönisvorst
NEW Viersen GmbH,Rektoratstraße 18,41747,Viersen
NGW GmbH,Duisburger Straße 161-167,47166,Duisburg
Neander Energie GmbH,Wilhelmstraße 21,42489,Wülfrath
Neckermann Strom GmbH,Südportal 3,22848,Norderstedt
Neubrandenburger Stadtwerke GmbH,John-Schehr-Straße 1-5,17033,Neubrandenburg
Niedersachsen Ports GmbH & Co.KG Niederlassung Emden,Friedrich-Naumann-Str. 7-9,26725,Emden
Nienburg Energie GmbH,An der Breiten Riede 9,31582,Nienburg
NiersEnergie GmbH - eine Marke der Stadtwerke Kevelaer,Kroatenstr. 125,47623,Kevelaer
Niestetal Energie - eine Marke der Städtische Werke Kassel AG,Heiligenröder Str. 70,34266,Niestetal
Osterholzer Stadtwerke GmbH & Co. KG,Am Pumpelberg 4,27711,Osterholz-Scharmbeck
ROTHMOSER GMBH & CO. KG,Am Urtelbach 4,85567,Grafing bei München
Regionalwerk Bodensee GmbH & Co. KG,Waldesch 29,88069,Tettnang
Remstalwerk GmbH & Co. KG,Schillerstr. 30,73630,Remshalden
Rheinhessen-Energie GmbH c/o VG-Werke Sprendlingen-Gensingen AöR,Elisabethenstraße 1,55576,Sprendlingen
Rheinhessische Energie- und Wasserversorgungs-GmbH,Binger Straße 135,55218,Ingelheim
STAWAG Stadtwerke Aachen Aktiengesellschaft,Lombardenstr. 12-22,52070,Aachen
SVH Stromversorgung Haar GmbH,Blumenstr. 3,85540,Haar
SVI - Stromversorgung Ismaning GmbH,Mayerbacherstr. 42,85737,Ismaning
SVO Vertrieb GmbH,Sprengerstraße 2,29223,Celle
SVS-Versorgungsbetriebe GmbH,Von-Ardenne-Straße 8,48703,Stadtlohn
SWB Stadtwerke Biedenkopf GmbH,Mühlweg 16,35216,Biedenkopf
SWK Stadtwerke Kaiserslautern Versorgungs AG,Bismarckstraße 14,67655,Kaiserslautern
SWN Stadtwerke Northeim GmbH,Am Mühlenanger 1,37154,Northeim
SWS Energie GmbH,Frankendamm 7,18439,Stralsund
SWW Wunsiedel GmbH,Rot-Kreuz-Str. 6,95632,Wunsiedel
Schöpper & Knoll - Taubertal GmbH,Am Igelsbach 19,91541,Rothenburg o.d.T.
Schleswiger Stadtwerke GmbH,Werkstraße 1,24837,Schleswig
Schröder Gas GmbH & Co. KG,Dibberser Bahnhof 5,27321,Thedinghausen
Siegener Versorgungsbetriebe GmbH,Morleystraße 29-37,57072,Siegen
Solargenossenschaft Rosenheim eG,Am Gangsteig 16,83024,Rosenheim
Städtische Betriebswerke Luckenwalde GmbH,Kirchhofsweg 6,14943,Luckenwalde
Städtische Werke Magdeburg GmbH & Co. KG,Am Alten Theater 1,39104,Magdeburg
Städtische Werke Spremberg (Lausitz) GmbH,Lustgartenstraße 4a,03130,Spremberg
Städtisches Kommunalunternehmen Baiersdorf,Am Anger 5,91083,Baiersdorf
Stadt- und Überlandwerke GmbH Lübben,Bahnhofstraße 30,15907,Lübben
Stadt- und Überlandwerke GmbH Luckau-Lübbenau,Am Bahnhof 2,15926,Luckau
Stadtwerk Haßfurt GmbH,Augsfelder Str.6,97437,Haßfurt
Stadtwerk Külsheim GmbH,Kirchbergweg 7,97900,Külsheim
Stadtwerk Tauberfranken GmbH,Max-Planck-Str. 5,97980,Bad Mergentheim
Stadtwerk am See GmbH & Co. KG,Kornblumenstr. 7/1,88046,Friedrichshafen
Stadtwerke - Strom Plauen GmbH & Co. KG,Hammerstraße 68,08523,Plauen
Stadtwerke Aalen GmbH,Im Hasennest 9,73433,Aalen
Stadtwerke Achim AG,Gaswerkstr.7,28832,Achim
Stadtwerke Ahrensburg GmbH,Lohe 1,22926,Ahrensburg
Stadtwerke Altdorf GmbH,Hersbrucker Straße 6a,90518,Altdorf
Stadtwerke Altensteig,Jahnstraße 13,72213,Altensteig
Stadtwerke Andernach Energie GmbH,Läufstraße 4,56626,Andernach
Stadtwerke Annweiler,Saarlandstr. 13,76855,Annweiler
Stadtwerke Ansbach GmbH,Rügländer Straße 1a,91522,Ansbach
Stadtwerke Arnsberg Vertriebs und Energiedienstleistungs GmbH,Niedereimerfeld 22,59823,Arnsberg
Stadtwerke Arnstadt GmbH,Elxlebener Weg 8,99310,Arnstadt
Stadtwerke Aschersleben GmbH,Postfach 1756,06449,Aschersleben
Stadtwerke Augsburg Energie GmbH,Hoher Weg 1,86152,Augsburg
Stadtwerke Böblingen GmbH & Co. KG,Wolfgang-Brumme-Allee 32,71032,Böblingen
Stadtwerke Bühl GmbH,Siemensstr. 5,77815,Bühl
Stadtwerke Bad Aibling,Lindenstr. 30,83043,Bad Aibling
Stadtwerke Bad Brückenau GmbH,Sinnaustr. 14,97769,Bad Brückenau
Stadtwerke Bad Bramstedt GmbH,Lohstücker Weg 10 - 12,24576,Bad Bramstedt
Stadtwerke Bad Dürkheim GmbH,Salinenstrasse 36,67098,Bad Dürkheim
Stadtwerke Bad Friedrichshall,Saline 1,74177,Bad Friedrichshall
Stadtwerke Bad Herrenalb GmbH,Bahnhofstr. 12,76332,Bad Herrenalb
Stadtwerke Bad Hersfeld GmbH,Kleine Industriestrasse 1,36251,Bad Hersfeld
Stadtwerke Bad Kissingen GmbH,Würzburger Straße 5,97688,Bad Kissingen
Stadtwerke Bad Langensalza GmbH,Illebener Weg 11a,99947,Bad Langensalza
Stadtwerke Bad Nauheim GmbH,Hohe Straße 14-18,61231,Bad Nauheim
Stadtwerke Bad Neustadt a.d. Saale,Goethestr. 17/19,97616,Bad Neustadt
Stadtwerke Bad Pyrmont Energie & Verkehrs GmbH,Südstrasse 3,31812,Bad Pyrmont
Stadtwerke Bad Reichenhall KU,Hallgrafenstraße 2,83435,Bad Reichenhall
Stadtwerke Bad Säckingen GmbH,Schulhausstraße 40,79713,Bad Säckingen
Stadtwerke Bad Sachsa GmbH,Feldstraße 10,37441,Bad Sachsa
Stadtwerke Bad Salzuflen GmbH,Uferstr. 36-44,32108,Bad Salzuflen
Stadtwerke Bad Saulgau,Moosheimer Straße 28,88348,Bad Saulgau
Stadtwerke Bad Sooden-Allendorf,Werrastrasse 24,37242,Bad Sooden-Allendorf
Stadtwerke Bad Tölz GmbH,An der Osterleite 2,83646,Bad Tölz
Stadtwerke Bad Vilbel GmbH,Theodor-Heuss-Str. 53-63,61118,Bad Vilbel-Dortelweil
Stadtwerke Bad Wörishofen,Stadionring 18,86825,Bad Wörishofen
Stadtwerke Bad Wildbad GmbH & Co. KG,Ladestr. 5,75323,Bad Wildbad
Stadtwerke Bad Windsheim,Vorm Rothenburger Tor 2,91438,Bad Windsheim
Stadtwerke Balingen,Wasserwiesen 37,72336,Balingen
Stadtwerke Bamberg Energie- und Wasserversorgungs GmbH,Margaretendamm 28,96052,Bamberg
Stadtwerke Barmstedt,Bahnhofstr. 27,25355,Barmstedt
Stadtwerke Barmstedt Xtra GmbH,Bahnhofstr. 27,25355,Barmstedt
Stadtwerke Barth GmbH,Louis-Fürnberg-Strasse 3,18356,Barth
Stadtwerke Bayreuth Energie und Wasser GmbH,Birkenstraße 2,95447,Bayreuth
Stadtwerke Bebra GmbH,Wiesenweg 1,36179,Bebra
Stadtwerke Bernau GmbH,Breitscheidstraße 45,16321,Bernau bei Berlin
Stadtwerke Bexbach GmbH,Kolpingstraße 83,66450,Bexbach
Stadtwerke Bietigheim-Bissingen GmbH,Rötestr. 8,74321,Bietigheim-Bissingen
Stadtwerke Blankenburg GmbH,Börnecker Straße 6,38889,Blankenburg
Stadtwerke Bliestal GmbH,Bliesgaustraße 13,66440,Blieskastel
Stadtwerke Bogen GmbH,Agendorfer Straße 19,94327,Bogen
Stadtwerke Brühl GmbH,Engeldorfer Straße 2,50321,Brühl
Stadtwerke Brandenburg an der Havel GmbH & Co. KG,Packhofstraße 31,14776,Brandenburg an der Havel
Stadtwerke Bredstedt GmbH,Markt 3,25821,Bredstedt
Stadtwerke Bretten GmbH,Pforzheimer Str. 80-84,75015,Bretten
Stadtwerke Brunsbüttel GmbH,Eddelaker Straße 123 d,25541,Brunsbüttel
Stadtwerke Buchen GmbH & Co KG,Am Hohen Markstein 3,74722,Buchen/Odenwald
Stadtwerke Buchholz in der Nordheide GmbH,Maurerstraße 10,21244,Buchholz i.d.N.
Stadtwerke Burg GmbH,Schartauer Straße 58a,39288,Burg
Stadtwerke Burgdorf GmbH,Vor dem Hannoverschen Tor 12,31303,Burgdorf
Stadtwerke Buxtehude GmbH,Ziegelkamp 8,21614,Buxtehude
Stadtwerke Castrop-Rauxel GmbH,Lönsstrasse 12,44575,Castrop-Rauxel
Stadtwerke Celle GmbH,Magnusstraße 2,29221,Celle
Stadtwerke Clausthal-Zellerfeld GmbH,Robert-Koch-Str. 5,38678,Clausthal-Zellerfeld
Stadtwerke Cottbus GmbH,Karl-Liebknecht-Straße 130,03046,Cottbus
Stadtwerke Crailsheim GmbH,Fr.-Bergius-Str. 10 - 14,74564,Crailsheim
Stadtwerke Döbeln GmbH,Rosa-Luxemburg-Str. 9,04720,Döbeln
Stadtwerke Düren GmbH,Arnoldsweilerstr. 60,52351,Düren
Stadtwerke Dachau,Brunngartenstr. 3,85221,Dachau
Stadtwerke Deggendorf GmbH,Graflinger Straße 36,94469,Deggendorf
Stadtwerke Deidesheim GmbH,Im Kathrinenbild 5,67146,Deidesheim
Stadtwerke Detmold GmbH,Am Gelskamp 10,32758,Detmold
Stadtwerke Dettelbach,Luitpold-Baumann-Str. 1,97337,Dettelbach
Stadtwerke Dinslaken GmbH,Gerhard-Malina-Strasse 1,46537,Dinslaken
Stadtwerke Ditzingen GmbH & Co. KG,Bauernstraße 76/1,71254,Ditzingen
Stadtwerke EVB Huntetal GmbH,Amelogenstr. 1,49356,Diepholz
Stadtwerke Ebermannstadt Versorgungsbetriebe GmbH,Forchheimer Straße 29,91320,Ebermannstadt
Stadtwerke Eckernförde GmbH,Bormbrook 1,24340,Eckernförde
Stadtwerke Einbeck GmbH,Grimsehlstraße 17,37574,Einbeck
Stadtwerke Eisenberg Energie GmbH,Etzdorfer Str. 2,07607,Eisenberg
Stadtwerke Elbtal GmbH,Neubrunnstraße 8,01445,Radebeul
Stadtwerke Elm-Lappwald GmbH,Marktstraße 18,38154,Königslutter am Elm
Stadtwerke Elmshorn,Westerstr. 50 - 54,25336,Elmshorn
Stadtwerke Elzach Versorgungs- und Kurbetriebe,Hauptstraße 99,79215,Elzach
Stadtwerke Emden GmbH,Martin-Faber-Str. 11,26725,Emden
Stadtwerke Emmendingen GmbH,Am Gaswerk 1,79312,Emmendingen
Stadtwerke Emmerich GmbH,Wassenbergstraße 1,46446,Emmerich
Stadtwerke Emsdetten GmbH,Moorbrückenstraße 30,48282,Emsdetten
Stadtwerke Energie Jena-Pößneck GmbH,Rudolstädter Straße 39,07745,Jena
Stadtwerke Engen GmbH,Eugen-Schädler-Str. 3,78234,Engen
Stadtwerke Erkrath GmbH,Gruitener Straße 27,40699,Erkrath
Stadtwerke Eschwege GmbH,Niederhoner Straße 36,37269,Eschwege
Stadtwerke Essen AG,Rüttenscheider Straße 27 - 37,45128,Essen
Stadtwerke Ettlingen GmbH,Hertzstraße 33,76275,Ettlingen
Stadtwerke Eutin GmbH,Holstenstraße 6,23701,Eutin
Stadtwerke Fürstenfeldbruck GmbH,Bullachstrasse 27,82256,Fürstenfeldbruck
Stadtwerke Feuchtwangen,Ansbacher Straße 29,91555,Feuchtwangen
Stadtwerke Finsterwalde GmbH,Langer Damm 14,03238,Finsterwalde
Stadtwerke Forchheim GmbH,Haidfeldstrasse 8,91301,Forchheim
Stadtwerke Frankenthal GmbH,Wormser Str. 111,67227,Frankenthal
Stadtwerke Frankfurt (Oder) GmbH,Karl-Marx-Straße 195,15230,Frankfurt (Oder)
Stadtwerke Freudenberg GmbH & Co. KG,Hauptstraße 152,97896,Freudenberg
Stadtwerke Freudenstadt GmbH & Co. KG,Reichsstraße 9,72250,Freudenstadt
Stadtwerke Görlitz AG,Demianiplatz 23,02826,Görlitz
Stadtwerke Gütersloh GmbH,Berliner Str. 260,33330,Gütersloh
Stadtwerke Garbsen GmbH,Kochslandweg 20-22,30823,Garbsen
Stadtwerke Geesthacht GmbH,Elbuferstraße 48-54,21502,Geesthacht
Stadtwerke Geldern GmbH,Markt 25,47608,Geldern
Stadtwerke Gelnhausen GmbH,Philipp-Reis-Straße 1 - 3,63571,Gelnhausen
Stadtwerke Gengenbach,Hauptstraße 17,77723,Gengenbach
Stadtwerke Georgsmarienhütte GmbH,Malbergerstraße 13,49124,Georgsmarienhütte
Stadtwerke Germersheim GmbH,Gaswerkstraße 3,76726,Germersheim
Stadtwerke Gescher GmbH,Inselstr. 5,48712,Gescher
Stadtwerke Gießen AG,Lahnstraße 31,35398,Gießen
Stadtwerke Gifhorn GmbH,Torstraße 7,38518,Gifhorn
Stadtwerke Glückstadt GmbH,Bahnhofstrasse 2,25348,Glückstadt
Stadtwerke Goch GmbH,Postfach 100553,47574,Goch
Stadtwerke Grünstadt GmbH,Max-Planck-Str. 12,67269,Grünstadt
Stadtwerke Greven GmbH,Saerbecker Str. 77-78,48268,Greven
Stadtwerke Grevesmühlen GmbH,Grüner Weg 26,23936,Grevesmühlen
Stadtwerke Grimma GmbH,Lange Straße 17,04668,Grimma
Stadtwerke Groß-Gerau Versorgungs GmbH,Darmstädter Strasse 53,64521,Groß-Gerau
Stadtwerke Gronau GmbH,Laubstiege 19,48599,Gronau
Stadtwerke Gunzenhausen GmbH,Nürnbergerstr. 19-21,91710,Gunzenhausen
Stadtwerke Hünfeld GmbH,Lindenstraße 8,36088,Hünfeld
Stadtwerke Haan GmbH,Leichlinger Straße 2,42781,Haan
Stadtwerke Hagenow GmbH,Bahnhofstraße 87,19230,Hagenow
Stadtwerke Haiger,Hüttenstraße 18,35708,Haiger
Stadtwerke Hammelburg GmbH,Rote-Kreuz-Str. 44,97762,Hammelburg
Stadtwerke Harsewinkel GmbH,Münsterstraße 8,33428,Harsewinkel
Stadtwerke Haslach,Alte Hausacher Str. 1,77716,Haslach
Stadtwerke Hattingen GmbH,Weg zum Wasserwerk 23,45525,Hattingen
Stadtwerke Heide GmbH,Hinrich-Schmidt-Str. 16,25746,Heide
Stadtwerke Heidelberg Energie GmbH,Kurfürsten-Anlage 50,69115,Heidelberg
Stadtwerke Heidenheim AG,Meeboldstraße 1,89522,Heidenheim
Stadtwerke Heilsbronn,Kammereckerplatz 1,91560,Heilsbronn
Stadtwerke Herborn GmbH,Walkmühlenweg 12,35745,Herborn
Stadtwerke Herford GmbH,Werrestr. 103,32049,Herford
Stadtwerke Herne AG,Grenzweg 18,44623,Herne
Stadtwerke Hilden GmbH,Am Feuerwehrhaus 1,40724,Hilden
Stadtwerke Hockenheim,Obere Hauptstr. 8,68766,Hockenheim
Stadtwerke Holzminden GmbH,Rehwiese 28,37603,Holzminden
Stadtwerke Homburg GmbH,Lessingstr. 3,66424,Homburg
Stadtwerke Husum GmbH,Am Binnenhafen 1,25813,Husum
Stadtwerke Iserlohn GmbH,Stefanstr. 4-8,58638,Iserlohn
Stadtwerke Itzehoe GmbH,Gasstraße 18,25524,Itzehoe
Stadtwerke Jülich GmbH,An der Vogelstange 2a,52428,Jülich
Stadtwerke Kaarst GmbH,Rathaus Stadt Kaarst,41564,Kaarst
Stadtwerke Kaltenkirchen GmbH,Kamper Weg 38,24568,Kaltenkirchen
Stadtwerke Kamp-Lintfort GmbH,Wilhelmstraße 1a,47475,Kamp-Lintfort
Stadtwerke Karlsruhe GmbH,Daxlander Straße 72,76185,Karlsruhe
Stadtwerke Kelheim GmbH & Co. KG,Hallstattstr. 15,93309,Kelheim
Stadtwerke Kiel AG,Uhlenkrog 32,24113,Kiel
Stadtwerke Kleve GmbH,Flutstraße 36,47533,Kleve
Stadtwerke Klingenberg Kommunalunternehmen (AöR),Rathausstraße 9,63911,Klingenberg a.Main
Stadtwerke Konstanz GmbH,Max-Stromeyerstr.21-29,78467,Konstanz
Stadtwerke Kusel GmbH,Lehnstraße 32,66869,Kusel
Stadtwerke Löbau GmbH,Georgewitzer Strasse 54,02708,Löbau
Stadtwerke Löffingen,Rathausplatz 1,79843,Löffingen
Stadtwerke Lübbecke GmbH,Gasstraße 1,32312,Lübbecke
Stadtwerke Lüdenscheid GmbH,Lennestraße 2,58507,Lüdenscheid
Stadtwerke Laage GmbH,Polchower Chaussee 12,18299,Laage
Stadtwerke Lambrecht (Pfalz) GmbH,Hauptstrasse 14,67466,Lambrecht
Stadtwerke Langen GmbH,Weserstr. 14,63225,Langen
Stadtwerke Langenzenn,Obere Ringstrasse 17,90579,Langenzenn
Stadtwerke Laufenburg,Hauptstraße 30,79725,Laufenburg
Stadtwerke Lauterbach GmbH,Hinter dem Spittel 15,36341,Lauterbach
Stadtwerke Lemgo GmbH,Bruchweg 24,32657,Lemgo
Stadtwerke Lengerich GmbH,An der Mühlenbreede 4,49525,Lengerich
Stadtwerke Lindau (B) GmbH & Co. KG,Auenstraße 12,88131,Lindau (B)
Stadtwerke Lippstadt GmbH,Bunsenstraße 2,59557,Lippstadt
Stadtwerke Lohmar GmbH & Co. KG,Hauptstraße 27 -29,53797,Lohmar
Stadtwerke Ludwigsfelde GmbH,Potsdamer Straße 31,14974,Ludwigsfelde
Stadtwerke Lutherstadt Wittenberg GmbH,Lucas-Cranach-Str. 22,06886,Lutherstadt Wittenberg
Stadtwerke Mössingen,Freiherr-vom-Stein-Str. 18,72116,Mössingen
Stadtwerke Mühlacker GmbH,Danzigerstraße 13,75417,Mühlacker
Stadtwerke Mühldorf a. Inn GmbH & Co.KG,Weserstraße 4,84453,Mühldorf a. Inn
Stadtwerke Mühlhausen GmbH,Windeberger Landstraße 73,99974,Mühlhausen
Stadtwerke Mühlheim am Main GmbH,Dietesheimer Straße 70,63165,Mühlheim
Stadtwerke MüllheimStaufen GmbH,Marktstraße 1-3,79379,Müllheim
Stadtwerke Marburg GmbH,Am Krekel 55,35039,Marburg
Stadtwerke Meerane GmbH,Obere Bahnstr. 10,08393,Meerane
Stadtwerke Meiningen GmbH,Utendorfer Straße 122,98617,Meiningen
Stadtwerke Mengen,Mittlere Straße 40,88512,Mengen
Stadtwerke Metzingen,Stuttgarter Straße 59,72555,Metzingen
Stadtwerke Mosbach GmbH,Am Henschelberg 6,74821,Mosbach
Stadtwerke Munster-Bispingen GmbH,Rehrhofer Weg 127-133,29633,Munster
Stadtwerke Nürtingen GmbH,Porschestraße 5-9,72622,Nürtingen
Stadtwerke Neu-Isenburg GmbH,Schleussnerstr. 62,63263,Neu-Isenburg
Stadtwerke Neuffen AG,Bahnhofstr. 32,72639,Neuffen
Stadtwerke Neumarkt in der Oberpfalz,Ingolstädter Straße 18,92318,Neumarkt i.d.Opf.
Stadtwerke Neuruppin GmbH,Heinrich-Rau-Str. 3,16816,Neuruppin
Stadtwerke Neuss Energie und Wasser GmbH,Moselstraße 25-27,41464,Neuss
Stadtwerke Neustadt am Rübenberge GmbH & Co. KG,Herzstr. 3,31535,Neustadt a. Rgbe.
Stadtwerke Neustadt an der Aisch GmbH,Markgrafenstrasse 24,91413,Neustadt a.d. Aisch
Stadtwerke Neustadt an der Orla GmbH,Ernst-Thälmann-Straße 18,07806,Neustadt an der Orla
Stadtwerke Neustadt an der Weinstraße GmbH,Schlachthofstrasse 60,67433,Neustadt an der Weinstrasse
Stadtwerke Neustadt in Holstein,Ziegelhof 8,23730,Neustadt
Stadtwerke Neustrelitz GmbH,Wilhelm-Stolte-Straße 90,17235,Neustrelitz
Stadtwerke Neuwied GmbH,Hafenstraße 90,56564,Neuwied
Stadtwerke Niebüll GmbH,Ostring 5,25899,Niebüll
Stadtwerke Norden,Feldstr. 10,26506,Norden
Stadtwerke Norderney GmbH,Jann-Berghausstraße 34,26548,Norderney
Stadtwerke Norderstedt,Heidbergstr. 101-111,22846,Norderstedt
Stadtwerke Nortorf AöR,Poststr. 21,24589,Nortorf / Holstein
Stadtwerke Oberkirch GmbH,Appenweierer Str. 54,77704,Oberkirch
Stadtwerke Olching GmbH,Ilzweg 1,82140,Olching
Stadtwerke Osnabrück AG,Alte Poststraße 9,49074,Osnabrück
Stadtwerke Passau GmbH,Regensburger Straße 29,94036,Passau
Stadtwerke Peine GmbH,Woltorfer Str. 64,31224,Peine
Stadtwerke Pfaffenhofen a. d. Ilm,Michael-Weingartner-Straße 11,85276,Pfaffenhofen a. d. Ilm
Stadtwerke Pfarrkirchen,Äußere-Simbacher-Str. 7,84347,Pfarrkirchen
Stadtwerke Pfullendorf GmbH,Bahnhofstr. 6,88630,Pfullendorf
Stadtwerke Pinneberg GmbH,Am Hafen 67,25421,Pinneberg
Stadtwerke Pirmasens Versorgungs GmbH,An der Streckbrücke 4,66954,Pirmasens
Stadtwerke Plön Versorgung GmbH,Lübecker Str. 20,24306,Plön
Stadtwerke Prenzlau GmbH,Freyschmidtstraße 20,17291,Prenzlau
Stadtwerke Pritzwalk GmbH,Gartenstraße 8,16928,Pritzwalk
Stadtwerke Pulheim GmbH,Christianstraße 39,50259,Pulheim
Stadtwerke Quedlinburg GmbH,Rathenaustr. 9,06484,Quedlinburg
Stadtwerke Quickborn GmbH,Pinneberger Str. 2,25451,Quickborn
Stadtwerke Radolfzell GmbH,Untertorstraße 7-9,78315,Radolfzell
Stadtwerke Ramstein-Miesenbach GmbH,Am Neuen Markt 8,66877,Ramstein-Miesenbach
Stadtwerke Rastatt GmbH,Markgrafenstraße 7,76437,Rastatt
Stadtwerke Ratingen GmbH,Sandstr.36,40878,Ratingen
Stadtwerke Reichenbach/Vogtland GmbH,Roßplatz 13,08468,Reichenbach
Stadtwerke Rendsburg GmbH,Am Eiland 12,24768,Rendsburg
Stadtwerke Rinteln GmbH,Bahnhofsweg 6,31737,Rinteln
Stadtwerke Rosenheim Versorgungs GmbH,Bayerstraße 5,83022,Rosenheim
Stadtwerke Rotenburg (Wümme) GmbH,Mittelweg 19,27356,Rotenburg (Wümme)
Stadtwerke Roth,Sandgasse 23,91154,Roth
Stadtwerke Rothenburg o.d.T. GmbH,Steinweg 25,91541,Rothenburg o.T.
Stadtwerke Rottenburg am Neckar GmbH,Siebenlindenstraße 19,72108,Rottenburg am Neckar
Stadtwerke Saalfeld GmbH,Remschützer Str. 42,07318,Saalfeld
Stadtwerke Schüttorf-Emsbüren GmbH,Quendorfer Straße 34,48465,Schüttorf
Stadtwerke Schaumburg-Lippe GmbH,An der Gasanstalt 6,31675,Bückeburg
Stadtwerke Scheinfeld,Karl-Lax-Str. 1,91443,Scheinfeld
Stadtwerke Schifferstadt,Mühlstraße 18,67105,Schifferstadt
Stadtwerke Schkeuditz GmbH,Edisonstr. 36,04435,Schkeuditz
Stadtwerke Schlitz,An der Kirche 4,36110,Schlitz
Stadtwerke Schneverdingen-Neuenkirchen GmbH,Harburgerstr 21,29640,Schneverdingen
Stadtwerke Schorndorf GmbH,Augustenstraße 7,73614,Schorndorf
Stadtwerke Schramberg GmbH & Co. KG,Gustav-Maier-Straße 11,78713,Schramberg
Stadtwerke Schwäbisch Gmünd GmbH,Bürgerstraße 5,73525,Schwäbisch Gmünd
Stadtwerke Schwäbisch Hall GmbH,An der Limpurgbrücke 1,74523,Schwäbisch Hall
Stadtwerke Schwabach GmbH,Ansbacher Straße.14,91126,Schwabach
Stadtwerke Schwedt GmbH,Heinersdorfer Damm 55 - 57,16303,Schwedt/Oder
Stadtwerke Schwentinental GmbH,Seebrooksberg 1,24222,Schwentinental
Stadtwerke Schwetzingen GmbH & Co. KG,Scheffelstr. 16,68723,Schwetzingen
Stadtwerke Sigmaringen,Fürst-Wilhelm-Str.15,72488,Sigmaringen
Stadtwerke Solingen GmbH,Beethovenstr. 210,42655,Solingen
Stadtwerke Soltau GmbH & Co. KG,Weinberg 46,29614,Soltau
Stadtwerke Sondershausen GmbH,Johann-Karl-Wezel-Straße 65,99706,Sondershausen
Stadtwerke Speyer GmbH,Georg-Peter-Süß Str. 2,67346,Speyer
Stadtwerke Springe GmbH,Zum Oberntor 19,31832,Springe
Stadtwerke Staßfurt GmbH,Athenslebener Weg 15,39418,Staßfurt
Stadtwerke Stade GmbH,Hansestr. 18,21682,Stade
Stadtwerke Stein GmbH & Co. KG,Wilhelmstraße 5,90547,Stein
Stadtwerke Stendal GmbH,Rathenower Str. 1,39576,Stendal
Stadtwerke Stockach GmbH,Ablaßwiesen 8,78333,Stockach
Stadtwerke Straubing Strom und Gas GmbH,Sedanstraße 10 - Heerstraße 43,94315,Straubing
Stadtwerke Strausberg GmbH,Kastanienallee 38,15344,Strausberg
Stadtwerke Suhl/Zella-Mehlis GmbH,Fröhliche-Mann-Straße 2,98528,Suhl
Stadtwerke Tecklenburger Land Energie GmbH,Zechenstraße 10,49477,Ibbenbüren
Stadtwerke Teterow GmbH,Gasstraße 26,17166,Teterow
Stadtwerke Thale GmbH,Tunnelweg 2,06502,Thale
Stadtwerke Torgau GmbH,Fischerdörfchen 11,04860,Torgau
Stadtwerke Tornesch GmbH,Esinger Straße 1,25436,Tornesch
Stadtwerke Traunstein GmbH & Co. KG,Gasstrasse 37,83278,Traunstein
Stadtwerke Treuchtlingen,Dürerstraße 26,91757,Treuchtlingen
Stadtwerke Trostberg Stromversorgung GmbH,Friedrich-Ebert-Str. 2,83308,Trostberg
Stadtwerke Tuttlingen GmbH,Bahnhofstr. 120,78532,Tuttlingen
Stadtwerke Uelzen GmbH,Im neuen Felde 105,29525,Uelzen
Stadtwerke Uffenheim,Ringstraße 10,97215,Uffenheim
Stadtwerke Unna GmbH,Heinrich-Hertz-Str. 2,59423,Unna
Stadtwerke Uslar GmbH,Alleestr. 6-8,37170,Uslar
Stadtwerke Velten GmbH,Viktoriastr. 12,16727,Velten
Stadtwerke Verden GmbH,Weserstraße 26,27283,Verden
Stadtwerke Viernheim GmbH,Industriestraße 2,68519,Viernheim
Stadtwerke Villingen-Schwenningen GmbH,Pforzheimer Str. 1,78048,Villingen-Schwenningen
Stadtwerke Vilsbiburg,Kindlmühlestraße 2,84137,Vilsbiburg
Stadtwerke Würzburg AG,Haugerring 5,97070,Würzburg
Stadtwerke Wachenheim,Weinstr. 16,67157,Wachenheim
Stadtwerke Waiblingen GmbH,Schorndorfer Straße 67,71332,Waiblingen
Stadtwerke Waldkirch GmbH,Fabrikstraße 15,79183,Waldkirch
Stadtwerke Waldkraiburg GmbH,Meisenweg 1,84478,Waldkraiburg
Stadtwerke Waldshut-Tiengen GmbH,Peter-Thumb-Str. 1,79761,Waldshut-Tiengen
Stadtwerke Walldorf GmbH & Co. KG,Altrottstraße 39,69190,Walldorf
Stadtwerke Wasserburg a. Inn,Max-Emanuel-Platz 6,83512,Wasserburg a. Inn
Stadtwerke Weißenburg GmbH,Schlachthofstraße 19,91781,Weißenburg / Bayern
Stadtwerke Weißenfels GmbH,Südring 120,06667,Weißenfels
Stadtwerke Weiden i.d.OPf.,Gaswerkstr. 20,92637,Weiden i.d.OPf.
Stadtwerke Weilburg GmbH,Lessingstraße 6,35781,Weilburg
Stadtwerke Weilheim i.OB,Krumpperstraße 21,82362,Weilheim i.OB
Stadtwerke Weimar Stadtversorgungs-GmbH,Industriestraße 14,99427,Weimar
Stadtwerke Weinheim GmbH,Breitwieserweg 5,69469,Weinheim
Stadtwerke Werdau GmbH,Zwickauer Straße 39,08412,Werdau
Stadtwerke Wernigerode GmbH,Am Kupferhammer 38,38855,Wernigerode
Stadtwerke Wertheim GmbH,Mühlenstr. 60,97877,Wertheim
Stadtwerke Wesel GmbH,Emmericher Str. 11 - 29,46485,Wesel
Stadtwerke Weserbergland GmbH,Hafenstraße 14,31785,Hameln
Stadtwerke Willich GmbH,Brauereistraße 7,47877,Willich
Stadtwerke Wilster,Klosterhof 31,25554,Wilster
Stadtwerke Winnenden GmbH,Wiesenstr. 10,71364,Winnenden
Stadtwerke Winsen (Luhe) GmbH,Schloßring 50,21423,Winsen (Luhe)
Stadtwerke Wismar GmbH,Flöter Weg 6 -12,23970,Wismar
Stadtwerke Wolfenbüttel GmbH,Am Wasserwerk 2,38304,Wolfenbüttel
Stadtwerke Wolfhagen GmbH,Siemensstraße 10,34466,Wolfhagen
Stadtwerke Zeil am Main,Bamberger Str. 20,97475,Zeil a. Main
Stadtwerke Zeitz GmbH,Geußnitzer Straße 74,06712,Zeitz
Stadtwerke Zeven GmbH,Vitus-Platz 1,27404,Zeven
Stadtwerke Zirndorf GmbH,Schützenstr. 12,90513,Zirndorf
Stadtwerke Zittau GmbH,Friedensstraße 17,02763,Zittau
Stadtwerke Zweibrücken GmbH,Gasstraße 1,66482,Zweibrücken
Stadtwerke Zwiesel,Fürhaupten 9,94227,Zwiesel
Stadtwerkenergie Ostwestfalen-Lippe GmbH,Am Gelskamp 10,32758,Detmold
Strom von Föhr Vertriebs-GmbH,Buurnstrat 79,25938,Oevenum
Stromversorgung Greding eG,Marktplatz 9,91171,Greding
Stromversorgung Greifswald GmbH,Gützkower Landstraße 19-21,17489,Greifswald
Stromversorgung Inzell eG,Bauhofstr. 15,83334,Inzell
Stromversorgung Neunkirchen GmbH,Sichartstraße 49,91207,Lauf a. d. Pegnitz
Stromversorgung Ruhpolding GmbH,Rathausstraße 12,83324,Ruhpolding
Stromversorgung Schierling eG,Dorfmühlstraße 4,84069,Schierling
Stromversorgung Seebruck eG,Haushofer Str. 20,83358,Seebruck am Chiemsee
Stromversorgung Sulz GmbH,Am Markplatz 1,72172,Sulz a. N.
Stromversorgung Zerbst GmbH & Co. KG,Dessauer Str. 76,39261,Zerbst
Stromversorgung der Gemeinde Hemhofen,Blumenstraße 25,91334,Hemhofen
TWH - Technische Werke Herbrechtingen GmbH,Bauhofstraße 8,89542,Herbrechtingen
TauberEnergie Kuhn,Engelsbergstraße 1,97980,Bad Mergentheim
Technische Werke Osning GmbH,Gartnischer Weg 127,33790,Halle in Westfalen
Technische Werke Schussental GmbH & Co. KG,Schussenstraße 22,88212,Ravensburg
Teckwerke Bürgerenergie eG,Paradiesstr. 23 - 25,73230,Kirchheim unter Teck
Teutoburger Energie Netzwerk eG,Höhenweg 14,49170,Hagen a.T.W
Thüga Energie GmbH,Industriestraße 9,78224,Singen
Turbine - eine Marke der Städtischen Werke Magdeburg GmbH & Co. KG,Am Alten Theater 1,39104,Magdeburg
Unterfränkische Überlandzentrale Lülsfeld eG,Schallfelder Straße 11,97511,Lülsfeld
VWS Verbundwerke Südwestsachsen GmbH,Hartensteiner Straße 7,09350,Lichtenstein
Verbands- und Gemeindewerke Rülzheim,Am Deutschordensplatz 1,76761,Rülzheim
Verbandsgemeinde Weilerbach Elektrizitätsversorgung,Rummelstr. 15,67685,Weilerbach
Verbandsgemeindewerk Bruchmühlbach-Miesau,Am Rathaus 2,66892,Bruchmühlbach-Miesau
Verbandsgemeindewerke Dahner Felsenland,Schulstraße 29,66994,Dahn
Verbandsgemeindewerke Enkenbach-Alsenborn,Hauptstr. 18,67677,Enkenbach-Alsenborn
Vereinigte Gas- und Wasserversorgung GmbH,Ringstraße 144,33378,Rheda-Wiedenbrück
Vereinigte Stadtwerke GmbH,Schweriner Straße 90,23909,Ratzeburg
Vereinigte Wertach-Elektrizitätswerke GmbH,Neugablonzer Straße 21,87600,Kaufbeuren
Versorgungsbetrieb Waldbüttelbrunn GmbH,Lindenstraße 3,97297,Waldbüttelbrunn
Versorgungsbetriebe Bordesholm GmbH,Bahnhofstr. 13,24582,Bordesholm
Versorgungsbetriebe Elbe GmbH,Hamburger Straße 9-11,21481,Lauenburg/Elbe
Versorgungsbetriebe Hann. Münden GmbH,Werraweg 24,34346,Hann. Münden
Versorgungsbetriebe Hoyerswerda GmbH,Industriegelände Str. A Nr. 7,02977,Hoyerswerda
Versorgungsbetriebe Kronshagen GmbH,Kopperpahler Allee 7,24119,Kronshagen
Versorgungsbetriebe Zellingen,Würzburger Straße 26,97225,Zellingen
Vorarlberger Kraftwerke AG,Sedanstr. 19,88161,Lindenberg
WEVG Salzgitter GmbH & Co. KG,Albert-Schweitzer-Straße 7-11,38226,Salzgitter
Wadersloh Energie GmbH,Liesborner Straße 5,59329,Wadersloh
Warendorfer Energieversorgung GmbH (WEV),Hellegraben 25,48231,Warendorf
Weißachtal-Kraftwerke eG,Kalzhofer Str. 5,87534,Oberstaufen
Wendelsteinbahn GmbH,Kerschelweg 30,83098,Brannenburg
Werra-Strom GmbH,Hinter dem Deich 9,37213,Witzenhausen
Werraenergie GmbH,August-Bebel-Straße 36-38,36433,Bad Salzungen
WestEnergie GmbH,Mühlenstraße 30,41812,Erkelenz
Westfalica GmbH,Steinstr. 9,32547,Bad Oeynhausen
Wirtschaftsbetriebe der Stadt NSHB Borkum GmbH,Hindenburgstr. 110,26757,Borkum
ZEAG Energie AG,Weipertstraße 41,74076,Heilbronn
Ziegler GmbH & Co. KG,Venedig 10,77876,Kappelrodeck
Zwickauer Energieversorgung GmbH,Bahnhofstr. 4,08056,Zwickau
e-regio GmbH & Co. KG,Rheinbacher Weg 10,53881,Euskirchen
e-werk Sachsenwald GmbH,Hermann-Körner-Straße 61,21465,Reinbek
e.wa riss GmbH & Co KG,Freiburger Straße 6,88400,Biberach
eins energie in sachsen GmbH & Co. KG,Augustusburger Straße 1,09111,Chemnitz
enQu GmbH,Speckenbeker Weg 130,24113,Kiel
energieversprechen.de - eine Marke der Stadtwerke Troisdorf,Poststr. 105,53840,Troisdorf
enewa GmbH Energie + Wasser Wachtberg,Am Wachtbergring 2a,53343,Wachtberg
enwag energie- und wassergesellschaft mbH,Hermannsteiner Straße 1,35576,Wetzlar
enwor - energie & wasser vor ort GmbH,Kaiserstraße 86,52134,Herzogenrath
evd energieversorgung Dormagen GmbH,Mathias-Giesen-Straße 13,41540,Dormagen
ew-schmid gmbh,Untere Ringstr. 28,94437,Mamming
gemeinsames Kommunalunternehmen Oberes Egertal,Wunsiedler Straße 30,95163,Weißenstadt
grün.power GmbH,An der Fahrt 5,55124,Mainz
infra fürth gmbh,Leyher Straße 69,90763,Fürth
meine StadtEnergie - eine Marke der Urbania GmbH,Breitwieserweg 5,69469,Weinheim
natürlich grün - eine Marke der Smiling Green Energy GmbH,Grubesallee 24,22143,Hamburg
stm Stadtwerke Meerbusch GmbH,Kaarster Straße 135,40670,Meerbusch
strotög GmbH Strom für Töging,Werkstraße 1,84513,Töging a. Inn
stuttgartENERGIE - eine Marke der Stadtwerke Stuttgart Vertriebsgesellschaft mbH,Friedrichstraße 45,70174,Stuttgart
vivi-power GmbH,Industriestraße 2,68519,Viernheim
