Firmenname,Anmerkung zur Lieferantentätigkeit,Firmenanschrift,PLZ,Firmenort
1&1 Energy GmbH,,Elgendorfer Straße 57,56410,Montabaur
17er Oberlandenergie GmbH,,Viehmarktplatz 1,82418,Murnau
24/7 Energie & Kommunikation GmbH,,Meeboldstraße 1,89522,Heidenheim
365 AG,,Aachener Straße 1253,50858,Köln
A&A Stromallianz Solutions GmbH,,Zehdenicker Str. 19,10119,Berlin
AggerEnergie GmbH,,Alexander-Fleming-Str. 2,51643,Gummersbach
Ahrtal-Werke GmbH,,Hauptstraße 116,53474,Bad Neuenahr-Ahrweiler
Albert Beck GmbH,,Glöcknerpfad 48-52,34134,Kassel
ALBSTADTWERKE GmbH,,Goethestraße 91,72461,Albstadt
Albwerk GmbH & Co. KG,,Eybstraße 98-102,73312,Geislingen an der Steige
Alpiq Energie Deutschland GmbH,,Kantstraße 21,10623,Berlin
alz strom vertriebs GmbH,,Stefan Flötzl Str. 4,83342,Tacherting
"AMB R. Adolf - C. Kämpf Mineralöle, Schmierstoffeund Transport GmbH",,Graf-Heinrich-Straße 24,57627,Hachenburg
Ammer Loisach Energie GmbH,,Schnitzlergasse 5,82487,Oberammergau
Andreas Stegerhoff,"Lieferantentätigkeit ausschließlich in Verbindung mit derOnlineplattform www.enyway.com der enyway GmbH,Große Reichenstr. 27 in 20457 Hamburg",Röntgenstr. 19,46325,Borken
Apolog GmbH,,Sonnenallee 2,66287,Quierschied
APW-Energie GmbH,,Kolpingstraße 37,59329,Wadersloh
Arktis Energy GmbH,,Nonnendammallee 42,13599,Berlin
Audax Energie GmbH,,Otto-Franke-Straße 97,12489,Berlin
AVIA Steingass Mineralöle GmbH,,Bensberger Straße  5,51375,Leverkusen
aWATTar Deutschland GmbH,,Friedrichstraße 246,10969,Berlin
aws Wärme Service GmbH,,Hohe Bleichen 18,20354,Hamburg
B.R.A.S.S.T. Bau GmbH,,Gartenstraße 15,13088,Berlin
BarMalGas GmbH,,Seestraße 33,14974,Ludwigsfelde
Bayer Industry Services GmbH,,,51368,Leverkusen
Bayernwerk Regio Energie GmbH,,Lilienthalstraße 7,93049,Regensburg
BayWa Ökoenergie GmbH,,Grillparzerstraße 12a,81675,München
BayWa r.e. Clean Energy Sourcing GmbH,,Katharinenstraße 6,04109,Leipzig
BayWa r.e. Green Energy Products GmbH,,Grillparzerstraße 12a,81675,München
bbsw Energie GmbH,,Im Altenhagen 1,32839,Steinheim/Westf.
BCS Wärme GmbH,,Markt 19,06682,Teuchern
BEEGY GmbH,,"L 13, 3-4",68161,Mannheim
Beer Energien GmbH & Co. KG,,Saganer Straße 31,90475,Nürnberg
BEG Energietechnik GmbH,,Maria-Salome-Buchmüller-Straße 1,79115,Freiburg
BELKAW GmbH,,Hermann-Löns-Straße 131-133,51469,Bergisch Gladbach
Benergie-Service GmbH,,Schlachte 45,28195,Bremen
Berg Mineralöl  GmbH,,Tuchschererstraße 17,67551,Worms
BerLa GmbH,,Hahnerberger Straße 26,42349,Wuppertal
Berliner Energieagentur GmbH,,Französische Straße 23,10117,Berlin
Berliner Stadtwerke GmbH,,Am Köllnischen Park 1,10179,Berlin
Bernburger Mineralölvertrieb Lühmann GmbH & Co. KG,,"Weizenberg 20, OT Neundorf",39418,Staßfurt
BEV Bayrische Energieversorgungsgesellschaft mbH,,Nymphenburger Straße 154,80634,München
BHM Berliner Energiehandel GmbH,,Westhafenstraße 1,13353,Berlin
Biermann GmbH Energie,,Friedrich-Ebert-Straße 65,59425,Unna
BIGGE ENERGIE GmbH & Co. KG,,In der Stesse 14,57439,Attendorn
Bioenergie Am Kiecker GmbH & Co. KG,,Kastanienallee 1,17291,Nordwestuckermark
Bioenergie am Landsberg GmbH & Co. KG,,Bucken 1,24614,Aukrug
Bioenergie Fürstenhagen GmbH & Co. KG,,Milchstraße 15,17258,Feldberger Seenlandschaft
Bioenergie Haar GmbH & Co. KG,,Hauptstraße 2,19273,Darchau
Bioenergie Lintig I GbR,,Hainmühlener Straße 1,27624,Geestland
Bioenergie Rondeshagen GmbH & Co. KG,,Zur Drögermühle 31,23919,Rondeshagen
Bioenergie Vehlow GmbH & Co. KG,,Lindenstraße 6,16866,Gumtow OT Vehlow
Bioenergie Witt KG,,Magdalenenhof 1,24395,Stangheck
Biogas Alte Au GmbH & Co. KG,,Osterstraße 4b,25926,Bramstedtlund
Biogas Andresen GmbH & Co. KG,,Hauptstraße 32,25917,Sprakenbüll
Biogas Clausen-Hansen GmbH & Co. KG,,Hollingbusch 2,25876,Schwabstedt
Biogas Grieben GmbH & Co. KG,,Friedenstraße 1,39517,Grieben
Biogas Linnau GmbH & Co. KG,,Am Spielplatz 4,24969,Lindewitt OT Linnau
Biogas Nordwarf GmbH & Co. KG,,Diedersbüller Straße 4,25924,Emmelsbüll-Horsbüll
Biogasanlage an der Vogelzunge GmbH & Co KG,,Vogelzunge 9,24576,Weddelbrook
Biokraftgesellschaft Moers/Dinslaken mbH,,Uerdinger Straße 31,47441,Moers
Biomethangas Hahnennest GmbH,,Hahnennest 100,88356,Ostrach
"Bischoff, Vliex & Schöngen, PfenningsGmbH & Co. KG",,Wurmbenden 8,52070,Aachen
BK Badische-Kraftwerk GmbH & Co. KG,,Gewerbepark Citè 4,76532,Baden-Baden
BMG Mineralölhandel GmbH,,Am Güterbahnhof Halensee 8 - 11,10711,Berlin
Bonnhoff Buchenhof Bioenergie GmbH & Co. KG,,Austraße 4,25365,"Klein Offenseth-Sparrieshoop"
Bonus Strom GmbH,,Mühlenberg 18,24857,Fahrdorf
"BRA-CON, J.Weinrich e.K.","Lieferantentätigkeit ausschließlich in Verbindung mit derOnlineplattform www.enyway.com der enyway GmbH,Große Reichenstr. 27 in 20457 Hamburg",Nachtbuchtweg 11,15838,Am Mellensee
BRASST Energiedienstleistungsgesellschaft mbH,,Fabrikstraße 3,16303,Schwedt
Bremer Energiehaus- Genossenschaft eG,,Schlachte 45,28195,Bremen
Brennstoffhandel Habermann GmbH & Co. KG,,Oberdorfweg 17,61130,Nidderau
"Brennstoffhandel Maschek, Inh. Annette Schleyer",,Am Alten Sportplatz,99947,Schönstedt
Brennstoffhandel Petersohn Inh. Jochen Scholz e.K.,,Stralsunder Straße 146,04349,Leipzig
BRS Beteiligungsgesellschaft Bonn/Rhein-Sieg mbH,,Kaiser-Wilhelm-Platz 1,53721,Siegburg
BTB - Energieversorgungsgesellschaft mbH,,Eichenstraße 3 B,12435,Berlin
"BTB -Blockheizkraftwerks,Träger- undBetreibergesellschaft mbH Berlin",,Gaußstraße 11,10589,Berlin
Burgenland Energie GmbH,,Geußnitzer Straße 74,06712,Zeitz
Bürger-Energie-Genossenschaft-Freisinger Land e. G.,,Mauermayrstraße 2,85354,Freising
Bürger speichern Energie eG,,Goldener Steig 40,94116,Hutthurm
BürgerEnergie Thüringen Sachsen eG,,Schillerstraße 16,99423,Weimar
BürgerGas GmbH,,Rudolf-Walther-Straße 4,63584,Gründau-Lieblos
BürgerGrünStrom GmbH & Co. KG,,Neue Straße 17a,91456,Markt Erlbach
Bürgerwerke eG,,Hans-Bunte-Straße 8-10,69123,Heidelberg
Bürgerwindpark Süderdeich GmbH & Co. KG,,Hedwigenkooger Chaussee 1,25764,Süderdeich
C4 Energie Vertriebs GmbH & Co. KG,,Große Straße 13,22926,Ahrensburg
CB Energie GmbH,,Konrad-Zuse-Straße 2,26789,Leer
Change! Energy GmbH,,Kirchhorster Straße 39,30659,Hannover
Cismarer Naturstrom GmbH & Co. KG,,Cismarfelde 16,23743,Grömitz
COHAUS München GmbH,,Aberlestraße 16,81371,München
Contigo Energie AG,,Massenbergstraße 11,44787,Bochum
cowelio GmbH,,Grüner Weg 10,50825,Köln
CrämerSchmäling GmbH,,Ostenfeldmark 8-10,59557,Lippstadt
cts Service GmbH,,Rhönweg 6,66113,Saarbrücken
Dalkia Energie Sevice GmbH,,Carl-Ulrich-Straße 4,63263,Neu-Isenburg
DB Energie GmbH,,Pfarrer-Perabo-Platz 2,60326,Frankfurt am Main
dean Handelsgesellschaft mbH,,Alte Feldmühle 10,31535,Neustadt a. Rbge.
DEC Deutsches EnergieContor GmbH & Co. KG,,Hans-Heinrich-Warnke-Straße 2,29227,Celle
DeESA GmbH,,Rudolf-Diesel-Straße 1,91522,Ansbach
DEG Deutsche Energie GmbH,,Georg-Ohm-Straße 1,74235,Erlenbach
Der Energiepionier Fritz Trapper,,Fürther Straße 5,91058,Erlangen
"Dessauer Versorgungs-und Verkehrsgesellschaft mbH",,Albrechtstraße 48,06844,Dessau-Roßlau
DEVG Deutsche Energie Versorgung GmbH & Co.KG,,Pappelallee 28,22089,Hamburg
Die Energieagenten Versorgungs-GmbH,,Wilhelm-Hamacher-Platz 27,53840,Troisdorf
die energievorsorger GmbH,,An der Mühlenbreede 4,49525,Lengerich
Digital Energy Solutions GmbH & Co. KG,,Arnulfstraße 205,80637,München
Dreischtrom GmbH,,Industriegelände Straße D Nr. 2a,02977,Hoyerswerda
DREWAG,,Rosenstraße 32,01067,Dresden
Dritte WRB GmbH & Co. KG,,Herringhauser Straße 28,49163,Bohmte
E WIE EINFACH Strom & Gas GmbH,,Salierring 47-53,50677,Köln
E.ON Energie Deutschland GmbH,,Arnulfstraße 203,80634,München
E.ON Energy Solutions GmbH,,Carl-von-Linde-Straße 38,85716,Unterschleißheim
e.optimum AG,,Beim Alten Ausbesserungswerk 2a,77654,Offenburg
E.VITA GmbH,,Elwertstr. 3,70372,Stuttgart
e.wa riss GmbH & Co. KG,,Freiburger Straße 6,88400,Biberach a. d. Riß
e:veen Energie eG,,Hollerithallee 17,30149,Hannover
EAG Energie Abrechnungs- und Service GmbH,,Oetinghauser Straße 16,32120,Hiddenhausen
EAM Energie GmbH,,Monteverdistraße 2,34131,Kassel
easyOptimize GmbH,,Altenessener Straße 27,45141,Essen
EBERwerk GmbH & Co. KG,,Eichthalstraße 10,85560,Ebersberg
EBLD Schweiz Strom GmbH,,Friedrichstraße 1,79618,Rheinfelden
Eckhardt GmbH,,Rathausstraße 23,64750,Lützelbach
ECN Energie GmbH,,Hauptstraße 170,26639,Wiesmoor
EcoPowerPlus GmbH,,Reichpitschufer 86-90,10785,Berlin
EDi Energie-Direkt Hohenlohe GmbH,,Kuhallmand 26,74613,Öhringen
EE PV 3 GmbH & Co. KG,"Lieferantentätigkeit ausschließlich in Verbindung mit derOnlineplattform www.enyway.com der enyway GmbH,Große Reichenstr. 27 in 20457 Hamburg",Eilveser Hauptstr. 56,31535,Neustadt
EE PV 4 GmbH & Co. KG,"Lieferantentätigkeit ausschließlich in Verbindung mit derOnlineplattform www.enyway.com der enyway GmbH,Große Reichenstr. 27 in 20457 Hamburg",Eilveser Hauptstr. 56,31535,Neustadt
EEGY UG (haftungsbeschränkt),,Quellental 4,22609,Hamburg
eeMobility GmbH,,Landwehrstraße 60-62,80336,München
eforna e.K.,,Markloweg 1A,49086,Osnabrück
"EGC Energie- und Gebäudetechnik ControlGmbH & Co. KG",,Am Seestern 4,40547,Düsseldorf
Eggers Energy GmbH,,Rödemishallig 10,25813,Husum
EGT Energiehandel GmbH,,Schonacher Straße 2,78098,Triberg
EGT Energievertrieb GmbH,,Schonacher Straße 2,78098,Triberg
EINHORN-ENERGIE GmbH & Co. KG,,Mühlenweg 10,89537,Giengen
EINHUNDERT Energie GmbH,,Lichtstraße 43,50825,Köln
eins energie in sachsen GmbH & Co. KG,,Augustusburger Straße 1,09111,Chemnitz
Eisenacher Versorgungs-Betriebe GmbH,,An der Feuerwache 4,99817,Eisenach
Elektrizitätsgenossenschaft Dirmstein eG,,Wormser Straße 111,67227,Frankenthal (Pfalz)
Elektrizitätswerk der Ortsgemeinde Gerolsheim,,Wormser Straße 111,67227,Frankenthal (Pfalz)
Elektrizitätswerk Goldbach-Hösbach GmbH & Co. KG,,Aschaffstraße 1,63773,Goldbach
Elektrizitätswerk Hindelang eG,,Weidachstraße 9,87541,Bad Hindelang
Elektrizitätswerk Mittelbaden AG & Co. KG,,Lotzbeckstraße 45,77933,Lahr
Elektrizitätswerk Müller,,Mühlenstraße 35,97285,Tauberrettersheim
Elektrizitätswerk Tegernsee Vertriebs- und Service-KG,,Hochfeldstraße 3,83684,Tegernsee
Elektrizitätswerke Schönau Energie GmbH,,Friedrichstraße 53/55,79677,Schönau
Elektrizitätswerke Schönau Vertriebs GmbH,,Friedrichstraße 53/55,79677,Schönau
em.serv GmbH,,Kennedyallee 89,60596,Frankfurt am Main
EMB Erdgas Mark Brandenburg GmbH,,Großbeerenstraße 181-183,14482,Potsdam
Emil Energie GmbH,,Friedrichstraße 200,10117,Berlin
EMIXO GmbH,,Rudolf-Diesel-Straße 5,91522,Ansbach
Emscher Lippe Energie GmbH,,Ebertstraße 30,45879,Gelsenkirchen
EnBW Ostwürttemberg DonauRies AG,,Unterer Brühl 2,73479,Ellwangen
ener.my GmbH,,Kurfürstenstraße 50,53115,Bonn
enercity AG,,Ihmeplatz 2,30449,Hannover
Enerco Systems GmbH & Co. KG,,Pflugfelder Straße 22,71636,Ludwigsburg
ENERCON Erneuerbare Energien GmbH,,Peter-Müller-Straße 14,40468,Düsseldorf
Energie Calw GmbH,,Bahnhofstraße 4-6,75365,Calw
Energie Sachsenheim GmbH & Co. KG,,Siemensstraße 14,74343,Sachsenheim
Energie Südbayern GmbH,,Ungsteiner Straße 31,81539,München
Energie Vorpommern GmbH,,Wiesenweg 6,17449,Trassenheide
Energie- u. Wasserversorgung Bonn/Rhein-Sieg GmbH,,Welschnonnenstr. 4,53111,Bonn
Energie- und Medienversorgung Schwarza GmbH,,Breitscheidstr. 160,07407,Rudolstadt-Schwarza
Energie und Wasser Potsdam GmbH,,Steinstraße 101,14480,Potsdam
Energie- und Wasserversorgung Bruchsal GmbH,,Schnabel-Henning-Str. 1 a,76646,Bruchsal
Energie- und Wasserversorgung Bitz GmbH,,Goethestraße 91,72461,Albstadt
ENergie Wasser NIederrhein GmbH,,Uerdinger Straße 31,47441,Moers
Energiefeld Geel GmbH & Co. KG,,Geeler Weg 10,24864,Brodersby
Energiegenossenschaft Darmstadt eG,,Elisabeth-Selbert-Straße 10,64289,Darmstadt
Energiegenossenschaft Nordwest eG,,Mühlenstraße 148,27753,Delmenhorst
Energiegenossenschaft Rhein-Ruhr eG,,Heistermannstraße 65,46539,Dinslaken
energieGUT GmbH,,Bungertstraße 27,47053,Duisburg
Energiehandel Dresden GmbH,,Hertha-Lindner-Str. 10,01067,Dresden
Energiehandel Süd GmbH & Co. KG,,Bahnhofstraße 8/1,88299,Leutkirch / Allgäu
Energiehaus Deutschland B2B GmbH,,Scheffelstraße 46,95447,Bayreuth
Energiehaus Dresden eG,,Bernhardstraße 73,01187,Dresden
"EnergieHof SchmalfeldUG (haftungsbeschränkt) & Co. KG",,Kaltenkirchener Straße 30,24640,Schmalfeld
ENERGIEN in REGIONEN Passau GmbH & Co. KG,,Reistinger Straße 28,94060,Pocking  OT Hartkirchen
ENERGIEN in REGIONEN Rottal-Inn GmbH & Co. KG,,Reistinger Straße 28,94060,Pocking  OT Hartkirchen
Energie-Rhein-Sieg GmbH,,Südstraße 27,53757,Sankt Augustin
EnergieRevolte GmbH,,Arnoldsweilerstraße 60,52351,Düren
ENERGIERIED GmbH & Co. KG,,Industriestraße 40,68623,Lampertheim
EnergieSaarLorLux AG,,R.-Wagner-Straße 14-16,66111,Saarbrücken
Energie-Service Dienstleistungsgesellschaft mbH,,Tullastraße 61,79108,Freiburg
"Energieservice Schmitz, Inh: Stefan J. Schmitz e.K.",,Heerstraße 472,50169,Kerpen
EnergieSüdwest AG,,Industriestraße 18,76829,Landau in der Pfalz
Energieversorger Deutsche BürgerEnergie GmbH,,Südwestpark 60,90449,Nürnberg
Energieversorgung Apolda GmbH,,Heidenberg 52,99510,Apolda
Energieversorgung Bad Bentheim GmbH & Co. KG,,Zum Ferienpark 1,48455,Bad Bentheim
Energieversorgung Emsbüren GmbH,,Nordring 62,48465,Schüttorf
Energieversorgung Filstal GmbH & Co. KG,,Großeislinger Straße 30,73033,Göppingen
Energieversorgung Greiz GmbH,,Mollbergstraße 20,07973,Greiz
Energieversorgung Guben GmbH,,Gasstraße 11,03172,Guben
Energieversorgung Klettgau-Rheintal GmbH & Co. KG,,Schaffhauser Straße 7,79771,Klettgau
Energieversorgung Leverkusen GmbH & Co. KG,,Overfeldweg 23,51371,Leverkusen
Energieversorgung Limburg GmbH,,Ste.-Foy-Straße 36,65549,Limburg
Energieversorgung Main-Spessart GmbH,,Goldbacher Straße 6,63739,Aschaffenburg
Energieversorgung Marienberg GmbH,,Dr. Wilhelm-Külz-Allee,09496,Marienberg
Energieversorgung Mittelrhein AG,,Ludwig-Erhard-Straße 8,56073,Koblenz
Energieversorgung Pirna GmbH,,Seminarstraße 18b,01796,Pirna
Energieversorgung Rodau GmbH,,Friedberger Straße 37,63110,Rodgau
Energieversorgung Rudolstadt GmbH,,Oststraße 18,07407,Rudolstadt
Energieversorgung Rüsselsheim GmbH,,Walter-Flex-Straße 74,65428,Rüsselsheim
Energieversorgung Schmalkalden GmbH,,Auer Gasse 2-4,98574,Schmalkalden
Energieversorgung Sehnde GmbH,,Nordstraße 19,31319,Sehnde
Energieversorgung Selb-Marktredwitz GmbH,,Gebrüder-Netzsch-Straße 14,95100,Selb
Energieversorgung Titisee-Neustadt GmbH,,Pfauenstraße 2,79822,Titisee-Neustadt
Energieversorgung Wenzenbach GmbH,,Hauptstraße 22,93173,Wenzenbach
Energievertrieb Babelsberg GmbH,,Steinstraße 101,14480,Potsdam
"Energiewerk Ortenau EnergiegesellschaftGmbH & Co. KG",,Rathausplatz 1,77855,Achern
Energiewerke Waldbröl GmbH,,Nümbrechter Straße 6,51545,Waldbröl
energis GmbH,,Heinrich-Böcking-Straße 10-14,66121,Saarbrücken
Energora GmbH,,Risaer Straße 70,04328,Leipzig
Energy2day GmbH,,Kistlerhofstr. 170,81379,München
energy4u GmbH & Co. KG,,Bachstraße 3,53721,Siegburg
energycoop eG,,Kollegienwall 3-4,49074,Osnabrück
EnergyLink Direkt GmbH & Co. KG,,Nymphenburger Straße 20b,80335,München
Enervatis Energieversorgungsgesellschaft mbH,,Leipziger Chaussee 191g,06112,Halle
enervolution GmbH,,Kortumstr. 68,44787,Bochum
eness GmbH,,Frankenthaler Straße 20,81539,München
enewa GmbH,,Am Wachtbergring 2a,53343,Wachtberg
engel Energie GmbH,,Lietzenburger Straße 77,10719,Berlin
enno-energie GmbH,,Keffelker Straße 27,59929,Brilon
Enovos Power GmbH,,Märkische Straße 109,44141,Dortmund
EnPS Energie Pfalz-Saar GmbH,,Georg-Peter-Süß-Str. 2,67346,Speyer
enQu GmbH,,Speckenbeker Weg 130,24113,Kiel
ENSO Energie Sachsen Ost AG,,Friedrich-List-Platz 2,01069,Dresden
ENSTROGA AG,,Alt-Moabit 91 d,10559,Berlin
Ensys AG,,Vibeler Straße 29,60313,Frankfurt/M
Ensys Solution GmbH,,Vibeler Straße 29,60313,Frankfurt am Main
ENTEGA Energie GmbH,,Frankfurter Straße 100,64293,Darmstadt
EnVersum GmbH,,Anckelmannsplatz 1,20537,Hamburg
envia Mitteldeutsche Energie AG,,Chemnitztalstraße 13,09114,Chemnitz
EnviTec Energy GmbH & Co. KG,,Industriering 10a,49393,Lohne
EnviTec Stromkontor GmbH & Co. KG,,Industriering 10a,49393,Lohne
eprimo GmbH,,Flughafenstraße 20,63263,Neu-Isenburg
e-punkt GmbH,,Alt-Moabit 96,10559,Berlin
eq strom GmbH & Co. KG,,Hauptstraße 44,15806,Zossen OT Kallinchen
erdgas schwaben gmbh,,Bayerstraße 43,86199,Augsburg
Erdgas Südwest GmbH,,Siemensstraße 9,76275,Ettlingen
e-regio GmbH & Co. KG,,Rheinbacher Weg 10,53881,Euskirchen-Kuchenheim
Erhard Bürk-Kauffmann GmbH,,Neuffenstraße 27 - 29,78056,Villingen-Schwenningen
Erwin Steigleiter GmbH,,Im Sterngarten 7,67346,Speyer
e-shelter facility services GmbH,,Eschborner Landstraße 100,60489,Frankfurt am Main
ESWE Versorgungs AG,,Konradinerallee 25,65189,Wiesbaden
E-two-energy GmbH,,Karl-Marx-Straße 17,16356,Ahrensfelde
Eurogate Technical Services GmbH,,Senator-Borttscheller- Straße 1,25768,Bremerhaven
EVD Energieversorgung Deutschland GmbH,,Straße der Nationen 12,09111,Chemnitz
EVO Vertrieb Gm bH,,Andréstraße 71,63067,Offenbach am Main
"Eigenbetrieb nach der Anstalts- undEigenbetriebsverordnung Rheinland-Pfalz",,Rummelstraße 15,67685,Weilerbach
E-Werk Meckenheim/Pfalz,,Hauptstraße 58,67149,Meckenheim
e-Werk Reinbek-Wentorf GmbH,,Hermann-Körner-Straße 61-63,21465,Reinbek
EWR AG,,Lutherring 5,67545,Worms
EWV Baesweiler GmbH & Co. KG,,Arnold-Sommerfeld-Ring 2,52499,Baesweiler
EWZ Energiewerke Zeulenroda GmbH,,Lohweg 8,07937,Zeulenroda
ExtraEnergie GmbH,,Europadamm 2-6,41460,Neuss
EXYTRON GmbH,,Schonenfahrerstraße 5,18057,Rostock
Fair Trade Power Deutschland GmbH,,Vintschgauer Straße 5,81547,München
FairEnergie GmbH,,Hauffstraße 89,72762,Reutlingen
Färber Gas GmbH,,de-Vos-Straße 11,25524,Itzehoe
Fernwärmegesellschaft Noll mbH,,Gustav-Siegel-Straße 36a,37235,Hessen Lichtenau
Fey Energie GmbH & Co. KG,,Industriestraße 4a,61273,Wehrheim
Filderstadtwerke (Eigenbetrieb der Stadt Filderstadt),,Brühlstraße 41,70794,Filderstadt
First Utility GmbH,,Dorotheenstraße 64,22301,Hamburg
FirstCon GmbH,,An der Ilmenau 12a,21407,Deutsch Evern
FlexStrom AG,,Reichpietschufer 86-90,10785,Berlin
Frankfurt Energy Holding GmbH,,Mergenthalerallee  55-59,65760,Eschborn
Franz-Josef Wieghaus Biogas,,Lindenallee 2,49681,Garrel
Franz X. Heinritzi & Söhne GmbH,,Wimmerweg 3,83052,Bruckmühl
Franz Ziegenaus,"Lieferantentätigkeit ausschließlich in Verbindung mit derOnlineplattform www.enyway.com der enyway GmbH,Große Reichenstr. 27 in 20457 Hamburg",Schiltberger Str. 15,86576,Schiltberg
FREITALER STROM+GAS GMBH,,Potschappler Straße 2,01705,Freital
Fresh Energy GmbH,,Oranienburger Straße 48,10117,Berlin
Friedel Energie & Service e.K.,,Elsterstraße 7,04910,Elsterwerda
Friedrich Mineralölhandel GmbH,,Hauptstraße 140,08304,Schönheide
friesenenergie GmbH,,Helmsteder Straße 1,26434,Wangerland
Fritz Wahr Energie GmbH & Co. KG,,Ferdinand-Porsche-Straße 50,72202,Nagold
"Fromholz, Brennstoff- u. Mineralölvertriebs GmbH",,Am Thurbruch 3,17429,Benz OT Labömitz
"Frühmesser Mineralölhandelsgesellschaftmbh & Co. KG",,Mozartstraße 73,76829,Landau
FSG Energy GmbH & Co. KG,,Heidturmweg 33,33100,Paderborn
Fulminant Energie GmbH,,Daimlerstraße 2,85748,Garching b. München
fünfwerke GmbH & Co. KG,,Ste.-Foy-Straße 34,65549,Limburg an der Lahn
Fuxx - Die Sparenergie GmbH,,Poststraße 14-16,20354,Hamburg
GAG Gasversorgung Ahrensburg GmbH,,Manfred-Samusch-Straße 5,22926,Ahrensburg
Gallier Energie GmbH,,Berliner Straße 5,77694,Kehl
Gas In GmbH,,"An der Halle 400, Nr. 1",24143,Kiel
Gas- und Energiegesellschaft mbH (GEG),,Ackerstraße 16,06773,Gräfenhainichen
Gas- und Wasserversorgung Höxter GmbH & Co. KG,,Hermannstraße 6,37671,Höxter
GASAG Berliner Gaswerke Aktiengesellschaft,,Henriette-Herz-Platz 4,10178,Berlin
Gasversorgung Westerwald GmbH,,Am Alten Bahnhof 2,56203,Höhr-Grenzhausen
Gasversorgungsgesellschaft mbH Rhein-Erft,,Max-Planck-Straße 11,50354,Hürth
Geiger GmbH,,Rudolf-Diesel-Straße 5,91522,Ansbach
Gelsenwasser AG,,Willy-Brandt-Allee 26,45891,Gelsenkirchen
"",GemeindeStrom Wadgassen GmbH,,Wendelstraße 79,66787,Wadgassen
"",Gemeindewerk Seegebiet Mansfelder Land GmbH,,Pfarrstraße 8,06317,"Seegebiet Mansfelder Land- OT Röblingen am See"
"",Gemeindewerk Sörup GmbH,,Schleswiger Straße 3,24966,Sörup
"",Gemeindewerke Ammerbuch GmbH,,Kirchstraße 6,72119,Ammerbuch
"",Gemeindewerke Malente GmbH,,Neversfelder Straße 12,23714,Bad Malente
"",Gemeindewerke Bad Sassendorf GmbH & Co. KG,,Eichendorffstraße 1,59505,Bad Sassendorf
"",Gemeindewerke Baiersbronn,,Neumühlenweg 11,72270,Baiersbronn
"",Gemeindewerke Bobenheim-Roxheim GmbH,,Wormser Straße 111,67227,Frankenthal (Pfalz)
"",Gemeindewerke Budenheim AöR,,Untere Stefanstraße 65,55257,Budenheim
"",Gemeindewerke Everswinkel GmbH,,Hovestraße 11 - 13,48351,Everswinkel
"",Gemeindewerke Herxheim,,Am Rathaus 6,76863,Herxheim
"",Gemeindewerke Hohenwestedt GmbH,,Am Gaswerk 8,24594,Hohenwestedt
"",Gemeindewerke Hünxe GmbH,,In der Beckkuhl 4,46569,Hünxe
"","Gemeindewerke Murnau-Eigenbetrieb der Markt Murnau-",,Viehmarktplatz 1,82418,Murnau am Staffelsee
"",Gemeindewerke Oberhaching GmbH,,Alpenstraße 11,82041,Oberhaching
"",Gemeindewerke Peiner Land GmbH & Co. KG,,Eichstraße 3,31241,Ilsede
"",Gemeindewerke Ruppichteroth GmbH,,Rathausstraße 18,43809,Ruppichteroth
"",Gemeindewerke Schwarzenbruck GmbH,,Unterer Zeidlerweg 1,90537,Feucht
"",Gemeindewerke St. Michel-Energie GmbH,,Am Rathaus 8,25693,St. Michaelisdonn
"",Gemeindewerke Stockelsdorf GmbH,,Marienburgstraße 7,23617,Stockelsdorf
"",Gemeindewerke Taufkirchen (Vils) GmbH & Co. KG,,Rathausplatz 1,84416,Taufkirchen (Vils)
"",Gemeindewerke Umkirch GmbH,,Vinzenz-Kremp-Weg 1,79224,Umkirch
"",Gemeindewerke Wedemark GmbH,,Berliner Str. 3/5,30900,Wedemark
"","Gemeindliche Werke Hengersberg - Eigenbetriebdes Marktes Hengersberg",,Mimminger Straße 2,94491,Hengersberg
"",Genek Gesellschaft für Energieeinkauf mbH & Co. KG,,Zum Walkmüller 8,47269,Duisburg
"",Genie Energie Versorgungsgesellschaft mbH,,Nymphenburger Straße 185,80634,München
"",GENO Energie GmbH,,Heilbronner Straße 41,70191,Stuttgart
"",Georg Oest Mineralölwerk GmbH & Co. KG,,Bahnhofstr. 5,72250,Freudenstadt
"",Gesellschaft für Energieversorgung Ostalb mbH,,Heidenheimer Straße 35,73447,Oberkochen
"Gesellschaft zur Energieversorgung der kirchlichen undsozialen Einrichtungen GmbH",,Hanferstraße 28,79108,Freiburg,
"",GETEC ENERGIE GmbH,,An der Börse 4,30159,Hannover
"",GETEC Energy Management GmbH,,Albert-Vater-Straße 50,39108,Magdeburg
"",GETEC net AG,,Joachimstraße 6,30159,Hannover
"",GEWI AG,,Expo Plaza 10,30539,Hannover
"",GfM Gesellschaft für Messdienstleistungen mbH,,Siegburger Straße 183,50679,Köln
"",GGEW Bergstraße AG,,Dammstraße 68,64625,Bensheim
"",Gilbert Energiehandelsgesellschaft mbH,,Wetterstraße 30,35510,Butzbach
"",goldgas GmbH,,Ginnheimer Straße 4,65760,Eschborn
"",GP JOULE Connect GmbH & Co. KG,,Ceciliekoog 16,25821,Reußenköge
"",Green City Power GmbH,,Zirkus-Krone-Straße 10,80355,München
"",Greenline - alternative energien GmbH,,Edelmannstraße 22,39218,Schönebeck
"",Greenpeace Energy eG,,Schulterblatt 120,20357,Hamburg
gridX GmbH,,Noppiusstraße 12,52062,Aachen
grün.power GmbH,,An der Fahrt 5,55124,Mainz
grünES GmbH,,Fleischmannstr. 50,73728,Esslingen
GrünHausEnergie GmbH,,Wissollstraße 5-43,45478,Mülheim an der Ruhr
GrünStrom Kirchberg GmbH,,Schloßstraße 10,74592,Kirchberg an der Jagst
Grünstromwerk GmbH,,Oberhafenstraße 1,20097,Hamburg
Grünstromwerk Vertriebs GmbH,,Oberhafenstraße 1,20097,Hamburg
Grünwelt Wärmestrom GmbH,,Girmes-Kreuz-Straße 55,41564,Kaarst
H & N Bürgerwind GmbH & Co. KG,,Nordhackstedter Straße 8,24980,Hörup
H. +  R. Bellersheim GmbH,,Rheinstraße 45,57638,Neitersen
Haas GmbH,,Lindenstraße 68,57627,Hachenburg
Halberstadtwerke GmbH,,Wehrstedter Straße 48,38220,Halberstadt
HAMBURG ENERGIE GmbH,,Billhorner Deich 2,20539,Hamburg
Hans Engelke Energie OHG,,Tempelhofer Weg 80,12099,Berlin
Hanwha Q CELLS GmbH,,Sonnenallee 17-21,06766,Bitterfeld-Wolfen
HaseEnergie GmbH,,Von-Boeselager-Platz 2,49577,Eggersmühlen
Hausstrom GmbH,,Nußbaumweg 11,04178,Leipzig
HBL Nord-Energie GmbH,,Linnenkamp 40,31137,Hildesheim
Heinrich Fip GmbH & Co. KG,,Rheinstraße 36,49090,Osnabrück
Heinrich Klöcker GmbH & Co. KG,,Ahauser Str. 21,46325,Borken
Heizöl Sistig GmbH,,Herseler Weg 1-7,53347,Alfter
Hermann Bantleon GmbH,,Blaubeurer Straße 32,89077,Ulm
"Hermann Hansen, Einzelunternehmer",,Dorfstraße 7,25917,Enge-Sande
Hertener Stadtwerke GmbH,,Herner Straße 21,45699,Herten
HGH Service u. Abrechnungen GmbH,,Berliner Straße 120,10713,Berlin
HHB Agrarenergie GmbH & Co. KG,,Horster Weg 1a,21698,Harsefeld
HH-EL Energie Hanse GmbH,,Harvestehuder Weg 21,20148,Hamburg
HHLP-Energy GmbH,,Am Grundwasserwerk 12a,22041,Hamburg
HochsauerlandEnergie GmbH,,Auf 'm Brinke 11,59872,Meschede
HORIZEN GmbH,,Albert-Bassermann-Straße 31,68782,Brühl
Hoyer G.m.b.H.,,Rudolf-Diesel-Straße 1,27374,Visselhövede
Hoyer Strom- und Ergas GmbH,,Rudolf-Diesel-Straße 1,27374,Visselhövede
IBAENERGIE GmbH,,Georgistraße 40,09127,Chemnitz
Ideo Energie GmbH,,Stadttor 1,40219,Düsseldorf
In(n) Energie GmbH,,Bayernwerkstraße 13,84359,Simbach am Inn
innogy Direkt GmbH,,Freistuhl 7,44137,Dortmund
innogy SE,,Opernplatz 1,45128,Essen
Innostrom GmbH,,"Steigweg 24, Gebäude 3",97318,Kitzingen
Innowatio GmbH,,Katharinenstraße 6,4109,Leipzig
inteligy GmbH,,Zollstockgürtel 57-67,50969,Köln
Interconnector GmbH,,Durlacher Allee 93,76131,Karlsruhe
J. Knittel Söhne Verwaltungsgesellschaft mbH,,Dientzenhoferstr. 6-10,36043,Fulda
JES AG,,Rosa-Luxemburg-Straße 19,18055,Rostock
Jorczyk Energie KG,,Hans-Heinrich-Warnke-Straße 2,29227,Celle
Josef Dorner Mineraloel - GmbH,,Grünstraße 25a,77723,Gengenbach
Josef Pauli GmbH,,Zollhausstraße 111,52353,Düren
Jura Power GmbH & Co. KG,,Milchhofstraße 24,92318,Neumarkt i. d. Opf.
JuraStrom GmbH,,Dr.-Boecale-Str. 3,92331,Parsberg
Jürgen Dorst GmbH,,Paulinenstraße 1 a,97645,Ostheim v. d. Rhön
Just Energy Deutschland GmbH,,Kapstadtring 10,22297,Hamburg
KBG Homberg eG,,Ostpreußenweg 5,34576,Homberg (Efze)
Keep – Kommunale Eisenberger Energiepartner GmbH,,Schulstraße 18,67304,Eisenberg
KEHAG Energiehandel GmbH,,Im Technologiepark 4,26129,Oldenburg
Keslar GmbH Energiehandel,,Ostbahnhofstr. 1,87437,Kempten (Allgäu)
KEV Energie GmbH,,Hindenburgstraße 13,53925,Kall
KEW Karwendel Energie und Wasser GmbH,,Innsbrucker Straße 31,82481,Mittenwald
Kleiner 2 Grad GmbH,,Brunnenstraße 153,10115,Berlin
KlickEnergie GmbH & Co. KG,,Moselstraße 25 - 27,41464,Neuss
Knauber Erdgas GmbH,,Endenicher Straße 120-140,53115,Bonn
KO Kosten Optimierte Energie GmbH,,Pulsnitzer Straße 1,01936,Großnaundorf
Komm Energie,,Bahnhofstraße 1,82223,Eichenau
"Kommunale Energieverbundgesellschaft mbHEisenhüttenstadt",,Lilienthalring 1A,15890,Eisenhüttenstadt
"KommunalunternehmenStadtwerke Pfaffenhofen a. d. Ilm",,Weiherer Straße 16,85276,Pfaffenhofen
Korbacher Energiezentrum GmbH & Co. KG,,Wildunger Landstraße 14b,34497,Korbach
Köthen Energie GmbH,,Lelitzer Straße 27b,06366,Köthen
KR Buchenhof Bioenergie GmbH & Co. KG,,Austraße 4,25365,"Klein Offenseth-Sparrieshoop"
Kraftwerk Köhlgartenwiese GmbH,,Tegernauer Ortsstraße 9,79692,Kleines Wiesental
Kreiswerke Main-Kinzig GmbH,,Barbarossastraße 26,63571,Gelnhausen
"Krimphoff & SchulteMineralöl-Service und Logistik GmbH",,Daimlerstraße 2,48432,Rheine
"Kröger Management Windpark Francop GmbH & Co.KG","Lieferantentätigkeit ausschließlich in Verbindung mit derOnlineplattform www.enyway.com der enyway GmbH,Große Reichenstr. 27 in 20457 Hamburg",Ochsenwerder Landscheideweg 264b,21037,Hamburg
KURT GÜNTHER Mineralölhandelsgesellschaft mbH,,Hinter der Landwehr 3,36199,Rotenburg an der Fulda
L. Ilzhöfers Nachfolger Inh. Walch KG,,Siebentischstraße 16a,86161,Augsburg
Landstrom GmbH & Co. KG,,Watenstedter Straße 11,38384,Gevesleben
LCG Energy GmbH,,Billstraße 28,20539,Hamburg
LE Energy Solutions GmbH,,Althener Straße 4,04451,Borsdorf
Leipziger Kommunale Energieeffizienz GmbH,,Augustusplatz 7,04109,Leipzig
lekker Energie GmbH,,Egellstraße 21,13507,Berlin
Lenz Energie AG,,Siemensstraße 3,74915,Waibstadt
Leu Energie GmbH & Co. KG,,Bahnhofstraße 2a,95028,Hof
LichtBlick SE,,Zirkusweg 6,20359,Hamburg
Lition Energie GmbH,,Wilmersdorfer Straße 98/99,10629,Berlin
LM WIND LINE Markus A. Henrich,,Buchenkamp 1,57368,Bilstein
LogoEnergie GmbH,,Münsterstraße 9,53881,Euskirchen
Lohse Biogas GmbH & Co. KG,,Kellinghusener Straße 15,25581,Hennstedt
LSW Energie GmbH & Co. KG,,Heßlinger Straße 1-5,38440,Wolfsburg
"Ludwig Dalacker & Sohn, Inh. Kurt Dalacker e.K.",,Schönberger Straße 16,74405,Gaildorf
Lumenaza GmbH,,Kreuzbergstraße 30,10965,Berlin
Luxtrio UG (haftungsbeschränkt),,Am Neuländchen 29,66787,Wadgassen
LWD LüchtWelle Deutschland GmbH,,August-Krogmann-Straße 194 A,22159,Hamburg
M4 Energy eG,,Bertold-Brecht-Allee 24,01309,Dresden
Machdasmalanders Stromversorgung GmbH,"Lieferantentätigkeit ausschließlich in Verbindung mit derOnlineplattform www.enyway.com der enyway GmbH,Große Reichenstr. 27 in 20457 Hamburg",Große Reichenstr.27,20457,Hamburg
Maier & Korduletsch Energie GmbH,,Passauer Straße 30,94474,Vilshofen
MAINGAU Energie GmbH,,Ringstraße 4 - 6,63179,Obertshausen
Mainzer Stadtwerke  Vertrieb und Service GmbH,,Rheinallee 41,55118,Mainz
Mainzer Wärme GmbH,,Rheinallee 41,55118,Mainz
Mann Naturenergie GmbH & Co KG,,Schulweg 8-14,57520,Langenbach
Maschinenringe Deutschland GmbH,,Am Maschinenring 1,86633,Neuburg/Donau
Max Energy GmbH,,August-Wessels-Str.27,86156,Augsburg
max.power GmbH,,An der Fahrt 5,55124,Mainz
medl GmbH,,Burgstraße 1,45476,Mülheim an der Ruhr
mein-strom-direkt GmbH,,Kollegienwall 3-4,49074,Osnabrück
meistro Energie GmbH,,Nürnberger Straße 58,85055,Ingolstadt
METANK Gas+Strom GmbH,,Oldendorfer Straße 37-39,49324,Melle
Meyer Erneuerbare Energien GmbH,,Hinterm Holze 10,27235,Twistringen
Mindener Stadtwerke GmbH,,Großer Domhof 3,32423,Minden
Mineralöl Harrer GmbH,,Am Öferl 7,82362,Weilheim
mivolta GmbH,,Am Haag 10,82166,Gräfelfing
MONTANA Energieversorgung GmbH & Co. KG,,Dr.-Max-Straße 26,82031,Grünwald
Mundt GmbH Hannover,,Davenstedter Straße 146,30453,Hannover
MWEnergy GmbH,,Hochstraße 1,40670,Meerbusch
MyEnergy UG (haftungsbeschränkt),,Im Bogen 2,89362,Offingen
NaturEnergie+ Deutschland GmbH,,Heilbronner Straße 40,75417,Mühlacker
NatürlicheEnergie EMH GmbH,,Auf der Grub 1,54472,Monzelfeld
Naturstrom Rheinland-Pfalz GmbH,,Schützenstraße 80-82,56068,Koblenz
NaturStrom XL GmbH,,Parsevalstraße 11,40468,Düsseldorf
NaturStromHandel GmbH,,Parsevalstraße 11,40468,Düsseldorf
NEB Neue Energie Berlin GmbH & Co. KG,"Lieferantentätigkeit ausschließlich in Verbindung mit derOnlineplattform www.enyway.com der enyway GmbH,Große Reichenstr. 27 in 20457 Hamburg",An der Plasche 4,16321,Berlin
NDW Norddeicher Wind GmbH & Co. KG,"Lieferantentätigkeit ausschließlich in Verbindung mit derOnlineplattform www.enyway.com der enyway GmbH,Große Reichenstr. 27 in 20457 Hamburg",Baumstr. 17,26506,Norden
NE Projekt GmbH & Co. KG,"Lieferantentätigkeit ausschließlich in Verbindung mit derOnlineplattform www.enyway.com der enyway GmbH,Große Reichenstr. 27 in 20457 Hamburg",Eilveser Hauptstr. 56,31535,Neustadt
Neander Energie GmbH,,Wilhelmstraße 21,42489,Wülfrath
Neckermann Strom AG,,Südliche Münchner Straße 10,82031,Grünwald
NET Windenergie GmbH,"Lieferantentätigkeit ausschließlich in Verbindung mit derOnlineplattform www.enyway.com der enyway GmbH,Große Reichenstr. 27 in 20457 Hamburg",Lehfeld 5,21029,Hamburg
NEW AG,,Odenkirchener Straße 201,41236,Mönchengladbach
New Breeze GmbH & Co. Wind Wörrstadt KG,,Energie Allee 1,55286,Wörrstadt
"",Next Kraftwerke GmbH,,Lichtstraße 43 g,50825,Köln
"",Nexus Energie GmbH,,Fritz-Vomfelde-Straße 34,40547,Düsseldorf
"",Nexus Energy Deutschland GmbH,,Fritz-Vomfelde-Straße 34,40547,Düsseldorf
"",Nexus Green GmbH,,Fritz-Vomfelde-Straße 34,40547,Düsseldorf
"",NGBT Energie GmbH,,Rosacker 3,24887,Silberstedt
"",Nienburg Energie GmbH,,An der Breiten Riede 9,31582,Nienburg/Weser
"",Niers-Energie GmbH,,Kroatenstraße 125,47623,Kevelaer
"",node.energy GmbH,,Platz der Einheit 2,60327,Frankfurt am Main
"",Norbert Neuburger,"Lieferantentätigkeit ausschließlich in Verbindung mit derOnlineplattform www.enyway.com der enyway GmbH,Große Reichenstr. 27 in 20457 Hamburg",Auf der Höhe 15,21109,Hamburg
"",Nord Stadtwerke GmbH,,Lorenz-von-Stein-Ring 1-5,24340,Eckernförde
"",Nordgröön Energie GmbH & Co. KG,,Hauptstraße 49,24994,Medelby
"",Nordlicht Power GbR,,Lünzener Straße 55,29640,Schneverdingen
"",NordostWerke GmbH,,Großbeerenstraße 181-183,14482,Potsdam
"",NRN Energie GmbH,,Mühlengasse 9,47574,Goch
"",nvb Nordhorner Versorgungsbetriebe GmbH,,Gildkamp 10,48529,Nordhorn
"",NWG Power GmbH,,Trittauer Amtsweg 19,22179,Hamburg
Oberhessische Versorgungsbetriebe AG,,Hanauer Straße 9-13,61169,Friedberg,
"",ÖfA Ökostrom für Alle GmbH,,Overwegstraße 24,45879,Gelsenkirchen
"",Ohra Energie GmbH,,Am Bahnhof 4,99880,Hörsel
"",Ophirum Energy GmbH,,Friedensstraße 6-10,60311,Frankfurt am Main
"",OptimalGrün GmbH,,Geyersberger Straße 16,94078,Freyung
"",Optimization engineers GmbH,,Werkstraße 15,45527,Hattingen
"",OTIMA Energie AG,,Rosenaue 24,15366,Neuenhagen
"",Otto Fricke & Co. GmbH,,Kaiserstraße 36,33330,Gütersloh
"",OVE GmbH & Co. KG,,Brunnenstraße 4,49214,Bad Rothenfelde
"",paketsparer GmbH,,Zimmerstraße 78,10117,Berlin
"",PassatEnergie GmbH,,Geniner Straße 80,23560,Lübeck
"",Peter & Krebs Mineralölhandels GmbH,,Darwinstraße 4,10589,Berlin
"",Poggelann Naturenergie GmbH & Co. KG,,Süderweg 1,25926,Bramstedtlund
"",Poitzmann & Geißel Vertriebs GmbH,,Fuhrstraße 50,35083,Wetter
"",Polarstern GmbH,,Kreuzplätzchen 5,81669,München
"",Präg Strom & Gas GmbH & Co. KG,,Im Moos 2,87435,Kempten
"",Primastrom GmbH,,Zimmerstraße 78,10117,Berlin
"",Prio Services GmbH,,Europadamm 2-6,41460,Neuss
"",ProEngeno GmbH & Co. KG,,Nendorper Straße 15,26844,Jemgum
"",PROKON Regenerative Energien GmbH,,Kirchhoffstraße 3,25524,Itzehoe
"",Propan Rheingas GmbH & Co. KG,,Fischenicher Straße 23,50321,Brühl
"",prosumergy GmbH,,Universitätsplatz 12,34127,Kassel
"",Protea Energy Farm GmbH & Co. KG,"Lieferantentätigkeit ausschließlich in Verbindung mit derOnlineplattform www.enyway.com der enyway GmbH,Große Reichenstr. 27 in 20457 Hamburg",St. Johann Str. 4,70794,Filderstadt
"",PST Europe Sales GmbH,,Arnulfstraße 19,80335,München
"",Q1 Energie AG,,Rheinstraße 82,49090,Osnabrück
Raiffeisen Energie GmbH & Co. KG,,Plathnerstraße 4A,30175,Hannover
Rakelbusch Heizölhandel GmbH,,Hainholzstraße 5,31558,Hagenburg
Rationelle Energie Süd GmbH,,Heidenheimer Straße 28,73312,Geislingen an der Steige
Regiogröön GmbH & Co. KG,,Hauptstraße 49,24994,Medelby
Regionah Energie GmbH,,Brunnenbergstraße 27,89597,Munderkingen
Regionale EnergieWerke GmbH,,Kaiserswerther Straße 215,40474,Düsseldorf
Regionalwerk Bodensee GmbH & Co. KG,,Waldesch 29,88069,Tettnang
Regionalwerk Würmtal GmbH & Co. KG,,Bahnhofplatz 1,82131,Gauting
regionalwerke GmbH & Co. KG,,Hauptstraße 59,84155,Bodenkirchen
RegioPlus Strom- und Gashandel GmbH,,Alt-Karow 28a,13125,Berlin
Reibert energie GmbH,,Am Seewasem 1,35216,Biedenkopf
Remstalwerk GmbH & Co. KG,,Marktplatz 1,73630,Remshalden
renergie GmbH,,Adenauerring 97,87439,Kempten
Renergiewerke Buttenwiesen GmbH,,Marktplatz 4,86647,Buttenwiesen
Rhegio Natur GmbH,,Industriestr. 15,46414,Rhede
Rhein Energie AG,,Parkgürtel 24,50823,Köln
RheinEnergie Express GmbH,,Parkgürtel 24,50823,Köln
Rheinhessen-Energie GmbH,,Elisabethenstraße 1,55576,Sprendlingen
RheinWerke GmbH,,Höherweg 200,40233,Düsseldorf
Richtwerk Energie GmbH iGr.,,Dieselstraße 5,42781,Haan
Rinklin Energie GbR,"Lieferantentätigkeit ausschließlich in Verbindung mit derOnlineplattform www.enyway.com der enyway GmbH,Große Reichenstr. 27 in 20457 Hamburg",Marienstr. 13b,79356,Eichstetten
Rinklin Naturkost GmbH,"Lieferantentätigkeit ausschließlich in Verbindung mit derOnlineplattform www.enyway.com der enyway GmbH,Große Reichenstr. 27 in 20457 Hamburg",Bruckmatten 18,79356,Eichstetten
Rödl GmbH,,Nürnberger Straße 41,92318,Neumarkt
Rolf Kopsicker GmbH,,Nikolaus-Otto-Straße 28,19061,Schwerin
Rommel Energie GmbH,,Bergmannstraße 2,88471,Laupheim
RS Utility Service UG (haftungsbeschränkt),,Hauptstraße 1,06772,Gräfenhainichen
RUB Energy GmbH & Co. KG,,Austraße 4,25365,"Klein Offenseth-Sparrieshoop"
RVW Regionale Versorgungswerke Kassel eG,,Sonnenweg 5,34260,Kaufungen
Saergas GmbH & Co. KG,,Hembergener Straße 10,48369,Saerbeck
Schillhorn Strom und Gas GmbH,,Österstraße 13,25704,Meldorf
Schimpfhauser & Dengler GmbH,,Victor-Kaluza-Straße 7,83607,Holzkirchen
Schröder Gas GmbH & Co. KG,,Dibberser Bahnhof 5,27321,Thedinghausen
Schuster & Sohn KG,,Kohlenhofstraße 6-12,67663,Kaiserslautern
schwarzwald energy GmbH,,Robert-Bosch-Straße 20,75365,Calw
SD Energie GmbH,,Dresdner Straße 13,01156,Dresden
SE SAUBER ENERGIE GmbH & Co. KG,,Bayenthalgürtel 9,50968,Köln
SENEC GmbH,,Wittenberger Straße 15,04129,Leipzig
servenergy GmbH,,Im Westerfelde 29,31224,Peine
Shell PrivatEnergie GmbH,,Suhrenkamp 71 - 77,22335,Hamburg
Siegener Versorgungsbetriebe GmbH,,Morleystraße 29 - 37,57072,Siegen
Smiling Green Energy GmbH,,Grubesallee 24,22143,Hamburg
Solar Genossenschaft Rosenheim e.G.,,Am Gangsteig 16,83024,Rosenheim
Solar Nord Ost GbR,"Lieferantentätigkeit ausschließlich in Verbindung mit derOnlineplattform www.enyway.com der enyway GmbH,Große Reichenstr. 27 in 20457 Hamburg",Eilveser Hauptstr. 56,31535,Neustadt
SOLARIMO GmbH,,Friedrichstraße 200,10117,Berlin
"Solarpark Meerane II UG (haftungsbeschränkt) & Co.KG","Lieferantentätigkeit ausschließlich in Verbindung mit derOnlineplattform www.enyway.com der enyway GmbH,Große Reichenstr. 27 in 20457 Hamburg",Kieler Straße 29,24119,Kronshagen
sonnen eService GmbH,,"im Innovationspark AllgäuAm Riedbach 1",87499,Wildpoldsried
Sonnenbatterie Energie GmbH,,"im Innovationspark AllgäuAm Riedbach 1",87499,Wildpoldsried
Sparenergie GmbH,,Iglauerstraße 1,01279,Dresden
Sparkasse Siegen,,Postfach 10 09 48,57009,Siegen
"SpreeGas Gesellschaft für Gasversorgung undEnergiedienstleistung mbH",,Nordparkstraße 30,03044,Cottbus
Stadt- und Überlandwerke GmbH Lübben,,Bahnhofstraße 30,15907,Lübben
Stadt- und Überlandwerke GmbH Luckau-Lübbenau,,Am Bahnhof 2,15926,Luckau
Städtische Werke AG,,Königstor 3-13,34117,Kassel
Städtische Werke Magdeburg GmbH & Co. KG,,Am Alten Theater 1,39104,Magdeburg
Städtische Werke Spremberg (Lausitz) GmbH,,Lustgartenstraße 4a,03130,Spremberg
Stadtwerk am See GmbH & Co. KG,,Kurt-Wilde-Straße 10,88662,Überlingen
Stadtwerk Haßfurt GmbH,,Augsfelder Straße 6,97437,Haßfurt
Stadtwerk Rheda-Wiedenbrück GmbH & Co. KG,,Rathausplatz 13,33378,Rheda-Wiedenbrück
Stadtwerk Tauberfranken GmbH,,Max-Planck-Straße 5,97980,Bad Mergentheim
Stadtwerk Verl GmbH,,Paderborner Straße 28,33415,Verl
Stadtwerke - Strom Plauen GmbH & Co. KG,,Hammerstraße 68,08523,Plauen
Stadtwerke Altdorf GmbH,,Herbrucker Str. 6a,90518,Altdorf
Stadtwerke Amberg Versorgungs GmbH,,Gasfabrikstraße 16,92224,Amberg
Stadtwerke Andernach GmbH,,Läufstraße 4,56626,Andernach
"Stadtwerke Arnsberg Vertriebs undEnergiedienstleistungs GmbH",,Niedereimerfeld 22,59823,Arnsberg
Stadtwerke Aue GmbH,,Mühlstraße 4,08280,Aue
Stadtwerke Augsburg Energie GmbH,,Hoher Weg 1,86152,Augsburg
Stadtwerke Aurich GmbH,,Wallstraße 54,26603,Aurich
Stadtwerke Backnang GmbH,,Schlachthofstraße 6-10,71522,Backnang
Stadtwerke Bad Belzig GmbH,,Mauerstraße 17,14806,Bad Belzig
Stadtwerke Bad Brückenau GmbH,,Sinnaustraße 14,97769,Bad Brückenau
Stadtwerke Bad Friedrichshall,,Saline 1,74177,Bad Friedrichshall
Stadtwerke Bad Homburg v. d. Höhe,,Louisenstraße 148,61348,Bad Homburg v. d. Höhe
Stadtwerke Bad Langensalza GmbH,,Illebener Weg 11a,99947,Bad Langensalza
Stadtwerke Bad Nauheim GmbH,,Hohe Straße 14-18,61231,Bad Nauheim
Stadtwerke Bad Tölz GmbH,,An der Osterleite 2,83646,Bad Tölz
Stadtwerke Bad Vilbel GmbH,,Theodor-Heuss-Straße 51,61118,Bad Vilbel
Stadtwerke Barmstedt Xtra GmbH,,Bahnhofstraße 27,25355,Barmstedt
Stadtwerke Barsinghausen GmbH,,Poststraße 1,30890,Barsinghausen
Stadtwerke Barth,,Hölzern-Kreuz-Weg 11,18356,Barth
Stadtwerke Bayreuth Energie und Wasser GmbH,,Birkenstraße 2,95447,Bayreuth
Stadtwerke Bayreuth Energiehandel GmbH,,Birkenstraße 2,95447,Bayreuth
Stadtwerke Böblingen GmbH,,Wolfgang-Brumme-Allee 32,71032,Böblingen
Stadtwerke Bogen GmbH,,Agendorfer Straße 19,94327,Bogen
Stadtwerke Böhmetal GmbH,,Poststraße 4,29664,Walsrode
Stadtwerke Brilon Energie GmbH,,Keffelker Straße 27,59929,Brilon
Stadtwerke Brunsbüttel GmbH,,Koogstraße 61-63,25541,Brunsbüttel
Stadtwerke Burgdorf,,Schmiedestraße 12c,31290,Burgdorf
Stadtwerke Castrop-Rauxel GmbH,,Lönsstraße 12,44575,Castrop-Rauxel
Stadtwerke Celle GmbH,,Magnusstraße 2,29221,Celle
Stadtwerke Coesfeld GmbH,,Dülmener Straße 80,48653,Coesfeld
Stadtwerke Cottbus GmbH,,Karl-Liebknecht-Straße 130,03046,Cottbus
Stadtwerke Dachau (Eigenbetrieb der Stadt Dachau),,Brunngartenstraße 3,85221,Dachau
Stadtwerke Deggendorf GmbH,,Graflinger Straße 36,94469,Deggendorf
Stadtwerke Delmenhorst GmbH,,Fischstraße 32-34,27749,Delmenhorst
Stadtwerke Diez GmbH,,Oraniensteiner Straße 5,65582,Diez
Stadtwerke Dorfen GmbH,,Haager Straße 31,84405,Dorfen
Stadtwerke Dreieich GmbH,,Eisenbahnstraße 140,63303,Dreieich
Stadtwerke Düsseldorf AG,,Höherweg 100,40233,Düsseldorf
Stadtwerke Eisenberg GmbH,,Etzdorfer Straße 2,07607,Eisenberg
Stadtwerke Eisenberg Energie GmbH,,Etzdorfer Straße 2,07607,Eisenberg
Stadtwerke Elm-Lappwald GmbH,,Marktstraße 18,38154,Königslutter am Elm
Stadtwerke Energie Verbund SEV GmbH,,Poststraße 4,59174,Kamen
Stadtwerke Eppingen GmbH & Co. KG,,Marktplatz 1 - 5,75031,Eppingen
Stadtwerke Espelkamp Anstalt öffentlichen Rechts,,Wilhelm-Kern-Platz 1,32339,Espelkamp
Stadtwerke Finsterwalde GmbH,,Langer Damm 14,03238,Finsterwalde
Stadtwerke Forchheim,,Haidfeldsraße 8,91301,Forchheim
Stadtwerke Forst GmbH,,Euloer Straße 90,03149,Forst (Lausitz)
Stadtwerke Frankenthal GmbH,,Wormser Straße 111,67227,Frankenthal (Pfalz)
Stadtwerke Frankfurt (Oder) GmbH,,Karl-Marx-Straße 195,15230,Frankfurt (Oder)
Stadtwerke Freiberg a.N. Vertriebs-GmbH,,Marktplatz 2,71691,Freiberg am Neckar
Stadtwerke Freudenstadt GmbH & Co. KG,,Reichsstraße 9,72250,Freudenstadt
Stadtwerke Garbsen GmbH,,Kochslandweg 20-22,30823,Garbsen
Stadtwerke Gelnhausen GmbH,,Philipp-Reis-Straße 1-3,63571,Gelnhausen
Stadtwerke Georgsmarienhütte GmbH,,Malberger Straße 13,49124,Georgsmarienhütte
Stadtwerke Gescher GmbH,,Inselstraße 5,48712,Gescher
Stadtwerke Gießen AG,,Lahnstraße 31,35398,Gießen
Stadtwerke Gifhorn GmbH,,Torstraße 7,38505,Gifhorn
Stadtwerke Gotha GmbH,,Pfullendorfer Straße 83,99867,Gotha
Stadtwerke Göttingen AG,,Hildebrandstraße 1,37081,Göttingen
Stadtwerke Greifswald GmbH,,Gützkower Landstraße 19-21,17489,Greifswald
Stadtwerke Greven GmbH,,Saerbecker Straße 77-81,48268,Greven
Stadtwerke Grevesmühlen GmbH,,Grüner Weg 26,23936,Grevesmühlen
Stadtwerke Grimma GmbH,,Lange Straße 17,04668,Grimma
Stadtwerke Groß-Gerau Versorgungs GmbH,,Darmstädter Straße 53,64521,Groß-Gerau
Stadtwerke Güstrow GmbH,,Glasewitzer Chaussee 56,18273,Güstrow
Stadtwerke Haan GmbH,,Leichlinger Straße 2,42781,Haan
Stadtwerke Haltern am See GmbH,,Recklinghäuser Straße 49a,45721,Haltern am See
Stadtwerke Harsewinkel GmbH,,Münsterstraße 8,33428,Harsewinkel
Stadtwerke Hattingen GmbH,,Gasstraße 1,45525,Hattingen
Stadtwerke Hechingen,,Alte Rottenburger Straße 5,72379,Hechingen
Stadtwerke Heidelberg Energie GmbH,,Kurfürsten-Anlage 42-50,69115,Heidelberg
"Stadtwerke HeiligenhafenEigenbetrieb der Stadt Heiligenhafen",,Am Jachthafen 4a,23774,Heiligenhafen
Stadtwerke Herborn GmbH,,Walkmühlenweg 12,35745,Herborn
Stadtwerke Herford GmbH,,Werrestraße 103,32049,Herford
Stadtwerke Herrenberg,,Stuttgarter Straße 92,71083,Herrenberg
Stadtwerke Hilden GmbH,,Am Feuerwehrhaus 1,40724,Hilden
"Stadtwerke Hollfeld, Eigenbetrieb",,Marienplatz 18,96142,Hollfeld
Stadtwerke Holzminden GmbH,,Rehwiese 28,37603,Holzminden
Stadtwerke Homburg GmbH,,Lessingstraße 3,66424,Homburg
Stadtwerke Kaarst GmbH,,Am Neumarkt 2,41564,Kaarst
Stadtwerke Kalkar GmbH & Co. KG,,Industriepark 4,47546,Kalkar
Stadtwerke Kiel AG,,Uhlenkrog 32,24113,Kiel
Stadtwerke Konstanz GmbH,,Max-Stromeyer-Straße 21-29,78467,Konstanz
Stadtwerke Korschenbroich GmbH,,Sebastianusstraße 1,41352,Korschenbroich
Stadtwerke Kulmbach,,Hofer Straße 14,95326,Kulmbach
Stadtwerke Külsheim GmbH,,Am E-Werk 8,97900,Külsheim
Stadtwerke Lage GmbH,,Pivitsheider Straße 21,32791,Lage
Stadtwerke Landsberg KU,,Epfenhauser Straße 12,86899,Landsberg am Lech
Stadtwerke Langen GmbH,,Weserstraße 14,63225,Langen
Stadtwerke Langenfeld GmbH,,Langforter Straße 7,40764,Langenfeld
Stadtwerke Lauterbach GmbH,,Hinter dem Spittel 15,36341,Lauterbach
Stadtwerke Lebach GmbH,,Hans-Schardt-Straße 1a,66822,Lebach
Stadtwerke Lehrte GmbH,,Manskestraße 19,31275,Lehrte
Stadtwerke Leichlingen GmbH,,Im Brückerfeld 15,42799,Leichlingen
Stadtwerke Lingen GmbH,,Waldstraße 31,49808,Lingen/Ems
Stadtwerke Löbau GmbH,,Georgewitzer Straße 54,02708,Löbau
Stadtwerke Loitz GmbH,,Lange Straße 83,17121,Loitz
Stadtwerke Ludwigsburg GmbH,,Gänsfußallee 23,71636,Ludwigsburg
Stadtwerke Lünen GmbH,,Borker Straße 56-58,44534,Lünen
Stadtwerke Malchow,,Straße der Jugend 2,17213,Malchow
Stadtwerke Marburg,,Am Krekel 55,35009,Marburg
"Stadtwerke MetzingenEigenbetrieb der Stadt Metzingen",,Stuttgarter Straße 59,72555,Metzingen
Stadtwerke Mosbach GmbH,,Am Henschelberg 6,74821,Mosbach
Stadtwerke Mühlhausen GmbH,,Windeberger Landstrße 73,99974,Mühlhausen
Stadtwerke MüllheimStaufen GmbH,,Marktstraße 1-3,79379,Müllheim
Stadtwerke Neuenhaus GmbH,,Berliner Straße 12,49828,Neuenhaus
Stadtwerke Neuffen AG,,Bahnhofstraße 32,72639,Neuffen
Stadtwerke Neuruppin GmbH,,Heinrich-Rau-Straße 3,16816,Neuruppin
Stadtwerke Neuss Energie und Wasser GmbH,,Moselstraße 25-27,41464,Neuss
Stadtwerke Neuss GmbH,,Moselstraße 25-27,41464,Neuss
Stadtwerke Neustadt an der Orla GmbH,,Ernst-Thälmann-Straße 18,07806,Neustadt an der Orla
Stadtwerke Oberkirch GmbH,,Appenweierer Straße 54,77704,Oberkirch
Stadtwerke Oberursel (Taunus) GmbH,,Oberurseler Straße 55-57,61440,Oberursel (Taunus)
Stadtwerke Oerlinghausen GmbH,,Rathausstraße 23,33813,Oerlinghausen
Stadtwerke Olching GmbH,,Ilzweg 1,82140,Olching
Stadtwerke Oldenburg in Holstein GmbH,,Markt 1,23758,Oldenburg in Holstein
Stadtwerke Oranienburg GmbH,,Klagenfurter Straße 41,16515,Oranienburg
Stadtwerke Overath Energie GmbH,,Hauptstraße 25,51491,Overath
Stadtwerke Paderborn GmbH,,Rolandsweg 80,33102,Paderborn
Stadtwerke Pasewalk GmbH,,An den Stadtwerken 2,17309,Pasewalk
Stadtwerke Passau GmbH,,Regensburger Straße 29,94036,Passau
"Stadtwerke PlattlingEigenbetrieb der Stadt Plattling",,Simon-Ohm-Straße 3,94447,Plattling
Stadtwerke Plön Versorgungs GmbH,,Lübecker Straße 20,24306,Plön
Stadtwerke Porta Westfalica GmbH,,Fähranger 18,32457,Porta Westfalica
Stadtwerke Pulheim GmbH,,Christianstraße 39,50259,Pulheim
Stadtwerke Rees GmbH,,Melatenweg 171,46459,Rees
Stadtwerke Rietberg-Langenberg GmbH,,Rügenstraße 1,33397,Rietberg
Stadtwerke Rodgau Energie GmbH,,Friedberger Straße 37,63110,Rodgau
StadtWerke Rösrath - Energie GmbH,,Hauptstraße 142,51503,Rösrath
Stadtwerke Saalfeld GmbH,,Remschützer Straße 42,07318,Saalfeld
Stadtwerke Schloß Holte-Stukenbrock GmbH,,Rathausstraße 7,33758,Schloß Holte-Stukenbrock
Stadtwerke Schmalkalden GmbH,,Altmarkt 1,98574,Schmalkalden
Stadtwerke Schneverdingen GmbH,,Harburger Straße 21,29640,Schneverdingen
Stadtwerke Schönebeck GmbH,,Friedrichstraße 117,39218,Schönebeck
Stadtwerke Senftenberg GmbH,,Laugkstraße 13 - 15,01968,Senftenberg
Stadtwerke Soltau GmbH & Co. KG,,Weinberg 46,29614,Soltau
Stadtwerke Springe GmbH,,Zum Oberntor 19,31832,Springe
Stadtwerke Stadtoldendorf GmbH,,Holeburgweg 8,37627,Stadtoldendorf
Stadtwerke Steinfurt GmbH,,Wiemelfeldstraße 48,48565,Steinfurt
Stadtwerke Straubing Strom und Gas GmbH,,Sedanstr. 10,94315,Straubing
Stadtwerke Stuttgart Vertriebsgesellschaft mbH,,Friedrichstraße 45,70174,Stuttgart
Stadtwerke Tecklenburger Land Energie GmbH,,Alte Münsterstraße 16,49477,Ibbenbüren
Stadtwerke Teterow GmbH,,Gasstraße 26,17166,Teterow
Stadtwerke Thale GmbH,,Tunnelweg 2,06502,Thale
Stadtwerke Torgelow GmbH,,Albert-Einstein-Straße 79,17358,Torgelow
Stadtwerke Troisdorf GmbH,,Poststraße 105,53840,Troisdorf
Stadtwerke Tübingen GmbH,,Eisenhutstraße 6,72014,Tübingen
Stadtwerke Velten GmbH,,Viktoriastraße 12,16727,Velten
Stadtwerke Viernheim GmbH,,Industriestraße 2,68519,Viernheim
Stadtwerke Voerde GmbH,,Rathausplatz 20,46562,Voerde
Stadtwerke Waldkirch,,Fabrikstraße 15,79183,Waldkirch
Stadtwerke Walldorf GmbH,,Altrottstraße 39,69190,Walldorf
Stadtwerke Waltrop GmbH & Co. KG,,Münsterstraße 1,45731,Waltrop
Stadtwerke Waren GmbH,,Ernst-Alban-Straße 2,17192,Waren
Stadtwerke Wedel GmbH,,Feldstraße 150,22880,Wedel
Stadtwerke Weilburg GmbH,,Lessingstraße 6,35781,Weilburg an der Lahn
Stadtwerke Weilheim i.OB Energie GmbH - SWE,,Krumpperstraße 21,82362,Weilheim
"Stadtwerke WeinstadtEigenbetrieb der Stadt Weinstadt",,Schorndorfer Straße 22,71384,Weinstadt
Stadtwerke Wernigerode GmbH,,Am Kupferhammer 38,38855,Wernigerode
Stadtwerke Wesel GmbH,,Emmericher Straße 11-29,46485,Wesel
Stadtwerke Weserbergland GmbH,,Hafenstr. 14,31785,Hameln
"Stadtwerke Westmünsterland EnergiekooperationGmbH & Co. KG",,Dülmener Straße 80,48653,Coesfeld
Stadtwerke Willich GmbH,,Brauereistraße 7,47877,Willich
Stadtwerke Winnenden GmbH,,Wiesenstraße 10,71364,Winnenden
Stadtwerke Wismar GmbH,,Flöter Weg 6 - 12,23970,Wismar
Stadtwerke Wissen GmbH,,Wiesenstraße 2,57537,Wissen
Stadtwerke Wunstorf GmbH,,An der Nonnenwiese 7,31515,Wunstorf
Stadtwerkenergie Ostwestfalen-Lippe GmbH,,Am Gelskamp 10,32758,Detmold
Statkraft Markets GmbH,,Derendorfer Allee 2a,40476,Düsseldorf
Strogon GmbH,,Bonngasse 10,53111,Bonn
Stromversorgung Angermünde GmbH,,Schleusenstraße 7,16278,Angermünde
Stromversorgung von Berg GmbH,,Klebweg 6,74653,Künzelsau
Stromvertrieb Backnang GmbH & Co. KG,,Schlachthofstraße 6-10,71512,Backnang
susiEnergie GmbH,,Gerberstraße 7,88250,Weingarten
Süwag Vertrieb AG & Co. KG,,Schützenbleiche 9 - 11,65929,Frankfurt am Main
SWB Stadtwerke Balingen,,Wasserwiesen 37,72336,Balingen
swb Vertrieb Bremen GmbH,,Theodor-Heuss-Allee 20,28215,Bremen
swb Vertrieb Bremerhaven GmbH & Co. KG,,Rickmersstraße 90,27568,Bremerhaven
SWE Energie GmbH,,Magdeburger Allee 34,99086,Erfurt
"switch Energievertriebsgesellschaft m.b.H.,Zweigniederlassung Essen",,Huttropstraße 60,45138,Essen
SWK Energie GmbH,,St. Töniser Str. 124,47804,Krefeld
SWM Versorgungs GmbH,,Emmy-Noether Straße 2,80992,München
SWN Stadtwerke Neustadt GmbH,,Dieselstraße 5,96465,Neustadt/Coburg
SWR Energie . Service . Bau GmbH,,Steinweg 25,91541,Rothenburg o.d.T.
SWS Energie GmbH,,Frankendamm 7,18439,Stalsund
SWT Regionale Energie GmbH,,Ostallee 7-13,54290,Trier
SWV Regional GmbH,,Nordfeldstraße 5,33775,Versmold
SWW Wunsiedel GmbH,,Rot-Kreuz-Straße 6,95632,Wunsiedel
Systemstrom GmbH,,Trostberger Str. 5,84549,Engelsberg
Tebbe Mineralölhandel GmbH & Co. KG,,Visbeker Damm 1b,49429,Visbek
Technische Werke Schussental GmbH & Co KG,,Schussenstraße 22,88212,Ravensburg
TelDaFax ENERGY GmbH,,Mottmannstraße 2,53824,Troisdorf
TeleSon Energie GmbH,,Paul-Gerhardt-Allee 48,81245,München
Terram Energie GmbH,,Herderstraße 9,40237,Düsseldorf
Teutoburger Energie Netzwerk eG,,Höhenweg 14,49170,Hagen a. T. W.
Thomas Fiedler,"Lieferantentätigkeit ausschließlich in Verbindung mit derOnlineplattform www.enyway.com der enyway GmbH,Große Reichenstr. 27 in 20457 Hamburg",Kiefernweg 6,06917,Jessen
Thomas Knieling,"Lieferantentätigkeit ausschließlich in Verbindung mit derOnlineplattform www.enyway.com der enyway GmbH,Große Reichenstr. 27 in 20457 Hamburg",Seilerweg 17,34281,Gudensberg
Thüga Energie GmbH,,Nymphenburger Straße 39,80335,München
TOTAL Energie Gas GmbH,,Höhenstraße 17,70736,Fellbach
TÜRK ELEKTRIK KURUMU AG,,Trachenbergring 93,12249,Berlin
Türk Energy Europe Sales GmbH,,Trachenbergring 85,12249,Berlin
TürkiyemElektrik GmbH,,Naurother Straße 3,57520,Rosenheim
TWH - Technische Werke Herbrechtingen GmbH,,Bauhofstraße 8,89542,Herbrechtingen
TWL Energie Deutschland GmbH,,Industriestraße 3,67063,Ludwigshafen
ubitricity Gesellschaft für verteilte Energiesysteme mbH,,EUREF-Campus 7-8,10829,Berlin
UNIEN GmbH,,Lilienthalstraße 2,86415,Mehring
Unser E GmbH,,Paul-Jerchel-Straße 2,14641,Nauen
URBANA EnergieEinkauf GmbH,,Heidenkampsweg 40,20097,Hamburg
"Urbania Gesellschaft für Energievetriebund -handel mbH",,Breitwieser Weg 5,69469,Weinheim
Vattenfall Europe New Energy Services GmbH,,Kapstadtring 10,22297,Hamburg
Vattenfall Europe Sales GmbH,,Überseering 12,22297,Hamburg
Vattenfall Europe Wärme AG,,Puschkinallee 52,12435,Berlin
Vattenfall Real Estate Energy Sales GmbH,,Chausseestraße 23,10115,Berlin
VBV Wind GmbH,,Theodor-Heuss-Straße 51,61118,Bad Vilbel
Vereinigte Gas- und Wasserversorgung GmbH,,Ringstraße 144,33378,Rheda-Wiedenbrück
Vereinigte Stadtwerke GmbH,,Schweriner Straße 90,23909,Ratzeburg
Vereinigte Wertach-Elektrizitätswerke GmbH,,Neugablonzer Straße 21,87600,Kaufbeuren
Versorgungs- Betriebe Elbe GmbH,,Hamburger Str. 9- 11,21481,Lauenburg/ Elbe
Vester GmbH,,Am Haslenbach 11,73278,Schlierbach
Vestische Energie GmbH,,Große Geldstraße 18,45657,Recklinghausen
vivi-power GmbH,,Industriestraße 2,68519,Viernheim
Volkswagen Group Charging GmbH,,"Berliner Ring 2(Brieffach 011/19331)",38440,Wolfsburg
Vonovia Energie Service GmbH,,Philippstraße 3,44803,Bochum
voxenergie GmbH,,Zimmerstraße 78,10117,Berlin
w3energie GmbH,,Am Handwerkerpark 5,45309,Essen
"Walter Fritz Deutsche Gesellschaft fürEnergieversorgung mbH",,Windischenstraße 23,99423,Weimar
Wärmeversorgung Würselen GmbH,,Morlaixplatz 1,52146,Würselen
Watt Deutschland GmbH,,Lyoner Straße 44-48,60528,Frankfurt am Main
WattsEnergy GmbH,,Königsallee 2B,40212,Düsseldorf
wbm Wirtschaftsbetriebe Meerbusch GmbH,,Hochstraße 1,40670,Meerbusch
WEB Windenergie Deutschland GmbH,,Sachsentor 29,21029,Hamburg
Weihermann Mineralölhandel GmbH,,Nottulner Landweg 76-78,48161,Münster
Weiler Wärme eG,,Im Lehnle 15,72285,Pfalzgrafenweiler
Weiß Energie GmbH,,Herrenkellergasse 6,89073,Ulm
"WEP Wärme-, Energie- und Prozesstechnik GmbH",,Sophiastraße 2,41836,Hückelhoven
Werraenergie GmbH,,August- Bebel-Straße 36-38,36433,Bad Salzungen
Werra-Strom GmbH,,Hinter dem Deich 9,37213,Witzenhausen
WES energy GmbH,,Österstraße 15,25693,Michaelisdonn
Westfalen AG,,Industrieweg 43,48155,Münster
WestfalenWIND Strom GmbH,,Leihbühl 21,33165,Lichtenau
WESTFALICA GmbH,,Steinstraße 9,32547,Oeynhausen
Westhof Energie GmbH & Co. KG,,Zum Westhof 6,25764,Friedrichsgabekoog
WEV Westdeutsche Energieversorgung GmbH,,Massenbergstraße 11,44787,Bochum
Windgemeinschaft Eilvese GbR,"Lieferantentätigkeit ausschließlich in Verbindung mit derOnlineplattform www.enyway.com der enyway GmbH,Große Reichenstr. 27 in 20457 Hamburg",Eilveser Hauptstraße 56,31535,Neustadt
Windkraftmining GmbH,,Südportal 1,22848,Norderstedt
Windpark Johannsen OHG,,Nordhackstedter Straße 6,24980,Hörup
Windspiel GbR,"Lieferantentätigkeit ausschließlich in Verbindung mit derOnlineplattform www.enyway.com der enyway GmbH,Große Reichenstr. 27 in 20457 Hamburg",An der Palsche 4,16321,Bernau
Wirtschaftsbetriebe der Stadt Norden GmbH,,Feldstraße 10,26506,Norden
"Wohnpark Stufenlos Energieerzeugungs- u. VertriebsGmbH & Co. KG",,Markt 1,38170,Schöppenstedt
WSE Energiedienstleistungen GmbH,,Hohe Straße 4 - 6,61231,BadNauheim
WSW Energie & Wasser AG,,Bromberger Straße 39-41,42281,Wuppertal
Wumm GmbH,,Allendestraße 68,98574,Schmalkalden
Wunderwerk AG,,Burgunderstraße 29,40549,Düsseldorf
XL Energie GmbH,,An der Halle 400 Nr. 1,24143,Kiel
Yeti Energie AG,,Schwedenstraße 27,90768,Fürth
Zander Brennstoffe & Service KG,,Am Bahnhof 3  OT Brügge,16945,Halenbeck-Rohlsdorf
Zehrer & Petersen GmbH & Co. KG,,Harburger Schloßstr. 45,21079,Hamburg
Zentrale Pfarreivermögensverwaltung AdöR,"Lieferantentätigkeit ausschließlich in Verbindung mit derOnlineplattform www.enyway.com der enyway GmbH,Große Reichenstr. 27 in 20457 Hamburg",Paulusplatz 1,64285,Darmstadt
ZVO Energie GmbH,,Wagrienring 3-13,23723,Sierksdorf
