,Firmenname,Firmenanschrift,PLZ,Firmenort,Stromauskunft,Verivox
0,RheinEnergie AG,Parkgürtel 24,50823,Köln,True,True
1,WSW Energie & Wasser AG,Bromberger Str. 39 - 41,42281,Wuppertal,True,True
2,enercity AG,Ihmeplatz 2,30449,Hannover,True,True
3,Elektrizitätswerke Schönau Vertriebs GmbH,Friedrichstraße 53/55,79677,Schönau/Schw.,True,True
4,Stadtwerke Leipzig GmbH,Eutritzscher Str. 17-19,04105,Leipzig,True,True
5,Stadtwerke Soest GmbH,Aldegreverwall 12,59494,Soest,True,True
6,Energiedienst AG,Schönenbergerstr. 10,79618,Rheinfelden,True,True
7,die energievorsorger GmbH,Höhenweg 14,49170,Hagen a.T.W.,True,True
8,BayWa Ökoenergie GmbH,Arabellastraße 4,81925,München,True,True
9,Greenpeace Energy eG,Hongkongstr. 10,20457,Hamburg,True,True
10,energieGUT GmbH,Bungertstr. 27,47053,Duisburg,True,True
11,badenova AG & Co. KG,Tullastraße 61,79108,Freiburg,True,True
12,MAINGAU Energie GmbH,Ringstraße 4 - 6,63179,Obertshausen,True,True
13,eprimo GmbH,Flughafenstrasse 20,63263,Neu-Isenburg,True,True
14,Yello Strom GmbH,Siegburger Straße 229,50679,Köln,True,True
15,team energie GmbH & Co. KG,team Allee 22,24392,Süderbrarup,True,True
16,MONTANA Energieversorgung GmbH & Co. KG,Dr.-Max-Straße 26,82031,Grünwald,True,True
17,lekker Energie GmbH,Invalidenstraße 17 a,10115,Berlin,True,True
18,Energieversorgung Filstal GmbH & Co. KG,Großeislinger Str. 30,73033,Göppingen,True,True
19,NaturStromHandel GmbH,Parsevalstraße 11,40468,Düsseldorf,True,True
20,LichtBlick SE,Zirkusweg 6,20359,Hamburg,True,True
21,Oberhessische Versorgungsbetriebe AG,Hanauer Straße 9-13,61169,Friedberg,True,True
22,Stadtwerke Schwerin GmbH (SWS),Eckdrift 43-45,19061,Schwerin,True,True
23,Stadtwerke Hamm GmbH,Südring 1 - 3,59065,Hamm,True,True
24,rhenag Rheinische Energie AG,Bayenthalgürtel 9,50968,Köln,True,True
25,Stadtwerke Duisburg AG,Bungertstr. 27,47053,Duisburg,True,True
26,LogoEnergie GmbH,Münsterstraße 9,53881,Euskirchen,True,True
27,EMB Energie Mark Brandenburg GmbH,Großbeerenstraße 181 - 18,14482,Potsdam,True,True
28,Stadtwerke Bochum GmbH,Ostring 28,44787,Bochum,True,True
29,NEW Niederrhein Energie und Wasser GmbH,Odenkirchener Str. 201,41236,Mönchengladbach,True,True
30,ENTEGA Energie GmbH,Frankfurter Str. 100,64293,Darmstadt,True,True
31,Stadtwerke Fellbach GmbH,Ringstraße 5,70736,Fellbach,True,True
32,susiEnergie GmbH,Gerberstraße 7,88250,Weingarten,True,True
33,Stadtwerke Tübingen GmbH,Eisenhutstr.6,72072,Tübingen,True,True
34,Stadtwerke Rostock AG,Schmarler Damm 5,18069,Rostock,True,True
35,Stadtwerke Wedel GmbH,Feldstraße 150,22880,Wedel,True,True
36,ESWE Versorgungs AG,Konradinerallee 25,65189,Wiesbaden,True,True
37,FairEnergie GmbH,Hauffstraße 89,72762,Reutlingen,True,True
38,Süwag Vertrieb AG & Co. KG,Schützenbleiche 9-11,65929,Frankfurt am Main,True,True
39,Stadtwerke Oranienburg GmbH,Klagenfurter Str. 41,16515,Oranienburg,True,True
40,EWE VERTRIEB GmbH,Cloppenburger Str. 310,26133,Oldenburg,True,True
41,Pfalzwerke AG,Kurfürstenstr. 29,67061,Ludwigshafen,True,True
42,TEAG Thüringer Energie AG,Schwerborner Straße 30,99087,Erfurt,True,True
43,E.ON Energie Deutschland GmbH,Arnulfstraße 203,80634,München,True,True
44,SWM Versorgungs GmbH,Emmy-Noether-Straße 2,80992,München,True,True
45,Stadtwerke Flensburg GmbH,Batteriestr. 48,24939,Flensburg,True,True
46,envia Mitteldeutsche Energie AG,Chemnitztalstraße 13,09114,Chemnitz,True,True
47,Stadtwerke Düsseldorf AG,Höherweg 100,40233,Düsseldorf,True,True
48,WEMAG AG,Obotritenring 40,19053,Schwerin,True,True
49,SWT Stadtwerke Trier Versorgungs-GmbH,Ostallee 7-13,54290,Trier,True,True
50,Mainova AG,Solmsstr. 38,60486,Frankfurt am Main,True,True
51,123energie - eine Marke der Pfalzwerke AG,Kurfürstenstraße 29,67061,Ludwigshafen,True,True
52,Vattenfall Europe Sales GmbH,Überseering 12,22297,Hamburg,True,True
53,Vattenfall Europe Sales GmbH,Überseering 12,22297,Hamburg,True,True
54,EVH GmbH,Bornknechtstr. 5,06108,Halle,True,True
55,Aschaffenburger Versorgungs-GmbH,Werkstraße 2,63739,Aschaffenburg,True,True
56,Stromio GmbH,Postfach 1463,39004,Magdeburg,True,True
57,Grünwelt - eine Marke der Stromio GmbH,Girmes-Kreuz-Str. 55,41564,Kaarst,True,True
58,DREWAG - Stadtwerke Dresden GmbH,Friedrich-List-Platz 2,01069,Dresden,True,True
59,ENSO Energie Sachsen Ost AG,Friedrich-List-Platz 2,01069,Dresden,True,True
60,Mark-E Aktiengesellschaft,Körnerstraße 40,58095,Hagen,True,True
61,E WIE EINFACH GmbH,Salierring 47-53,50677,Köln,True,True
62,Stadtwerke Lübeck GmbH,Geniner Straße 80,23560,Lübeck,True,True
63,GGEW Gruppen-Gas- und Elektrizitätswerk Bergstraße AG,Dammstr. 68,64625,Bensheim,True,True
64,Städtische Werke AG Kassel,Königstor 3-13,34117,Kassel,True,True
65,energiehoch3 GmbH,Ostring 28,44787,Bochum,True,True
66,SE SAUBER ENERGIE GmbH & Co. KG,Bayenthalgürtel 9,50968,Köln,True,True
67,EnBW Energie Baden-Württemberg AG,Durlacher Allee 93,76131,Karlsruhe,True,True
68,Braunschweiger Versorgungs-AG & Co. KG,Taubenstraße 7,38106,Braunschweig,True,True
69,SWP Stadtwerke Pforzheim GmbH & Co. KG,Sandweg 22,75179,Pforzheim,True,True
70,Energieversorgung Oberhausen AG,Danziger Straße 31,46045,Oberhausen,True,True
71,Grünstromwerk Vertriebs GmbH,Englische Planke 2,20459,Hamburg,True,True
72,Stadtwerke Bielefeld GmbH,Schildescher Str. 16,33611,Bielefeld,True,True
73,Stadtwerke Troisdorf GmbH,Poststr. 105,53840,Troisdorf,True,True
74,Technische Werke Ludwigshafen AG,Industriestraße 3,67063,Ludwigshafen,True,True
75,Dessauer Stromversorgung GmbH,Albrechtstraße 48,06844,Dessau,True,True
76,RhönEnergie Fulda GmbH,Bahnhofstraße 2,36037,Fulda,True,True
77,Wir Energie - eine Marke der Energiehaus Dresden eG,Wiener Str. 114-116,01219,Dresden,True,True
78,ÜZW Energie AG,Regensburger Straße 33,84051,Altheim,True,True
79,Überlandwerk Erding GmbH & Co. KG,Am Gries 21,85435,Erding,True,True
80,Überlandwerk Krumbach GmbH,Bahnhofstraße 4,86381,Krumbach,True,True
81,Überlandwerk Leinetal GmbH,Am Eltwerk 1,31028,Gronau,True,True
82,Überlandwerk Rhön GmbH,Sondheimer Str. 5,97638,Mellrichstadt,True,True
83,Überlandwerk Schäftersheim GmbH & Co. KG,Klosterhof 3,97990,Weikersheim,True,True
84,17er Oberlandenergie GmbH,Viehmarktplatz 1,82418,Murnau am Staffelsee,True,True
85,24/7 Energie und Kommunikation GmbH,Meeboldstraße 1,89522,Heidenheim,True,True
86,AVU Aktiengesellschaft für Versorgungs-Unternehmen,An der Drehbank 18,58285,Gevelsberg,True,True
87,Abita Energie Otterberg GmbH,Bismarckstrasse 14,67655,Kaiserslautern,True,True
88,AggerEnergie GmbH,Alexander-Fleming-Str. 2,51643,Gummersbach,True,True
89,Ahrtal-Werke GmbH,Hauptstraße 116,53474,Bad Neuenahr-Ahrweiler,True,True
90,Albstadtwerke GmbH,Goethestraße 91,72461,Albstadt,True,True
91,Albwerk GmbH & Co. KG,Eybstr. 98-100,73312,Geislingen an der Steige,True,True
92,Allgäuer Überlandwerk GmbH,Illerstraße 18,87435,Kempten,True,True
93,Allgäuer Kraftwerke GmbH,Am Alten Bahnhof 10,87527,Sonthofen,True,True
94,Ammer-Loisach Energie GmbH,Schnitzlergasse 5,82487,Oberammergau,True,True
95,"BELKAW Bergische Licht-, Kraft- und Wasserwerke GmbH",Hermann-Löns-Str. 131-133,51469,Bergisch-Gladbach,True,True
96,BEW Bergische Energie- und Wasser-GmbH,Sonnenweg 30,51688,Wipperfürth,True,True
97,BIGGE ENERGIE GmbH & Co. KG,In der Stesse 14,57439,Attendorn,True,True
98,Bad Lauterberg Energie GmbH,Bahnhofstraße 17-19,37431,Bad Lauterberg im Harz,True,True
99,BeSte Stadtwerke GmbH,Im Altenhagen 1,32839,Steinheim,True,True
100,Blomberger Versorgungsbetriebe GmbH,Nederlandstraße 15,32825,Blomberg,True,True
101,Bocholter Energie- und Wasserversorgung GmbH,Kaiser-Wilhelm-Straße 1,46395,Bocholt,True,True
102,"E-Werk Satrup, Heinrich N. Clausen GmbH & Co.KG",Mühlenstraße 11,24986,Satrup,True,True
103,E-Werke Haniel Haimhausen OHG,Dachauer Straße 4 a,85778,Haimhausen,True,True
104,EAM Energie GmbH,Monteverdistraße 2,34131,Kassel,True,True
105,EGT Energievertrieb GmbH,Schonacher Str. 2,78098,Triberg,True,True
106,EMB - Energieversorgung Miltenberg-Bürgstadt GmbH & Co. KG,Luitpoldstraße 17,63897,Miltenberg,True,True
107,ENNI Energie & Umwelt Niederrhein GmbH,Uerdinger Straße 31,47441,Moers,True,True
108,ENRW Energieversorgung Rottweil GmbH & Co. KG,In der Au 5,78628,Rottweil,True,True
109,EWG Elektrizitätsversorgung Werther GmbH,Alte Bielefelder Straße 28,33824,Werther,True,True
110,EWR GmbH - Energie und Wasser für Remscheid,Neuenkamper Straße 81-87,42855,Remscheid,True,True
111,EWV Energie- und Wasser-Versorgung GmbH Stolberg,Willy-Brandt-Platz 2,52222,Stolberg,True,True
112,EZV Energie- und Service GmbH & Co. KG Untermain,Landstraße 47,63939,Wörth a. Main,True,True
113,Eichsfelder Energie- und Wasserversorgungsgesellschaft mbH,Am Euzenberg 32,37115,Duderstadt,True,True
114,Elektra-Genossenschaft Effeltrich eG,Hauptstr. 1,91090,Effeltrich,True,True
115,Elektrizitäts- und Wasserversorgungsgenossenschaft Vagen eG,Lindenstraße 14,83620,Feldkirchen-Westerham,True,True
116,Elektrizitäts-Genossenschaft Tacherting-Feichten e.G.,Stefan-Flötzl-Str. 4,83342,Tacherting,True,True
117,Elektrizitäts-Genossenschaft Vogling & Angrenzer eG,Höpfling 2,83313,Siegsdorf,True,True
118,Elektrizitäts-Genossenschaft Wolkersdorf und Umgebung eG,Schmidhamer Str. 26,83278,Traunstein-Wolkersdorf,True,True
119,Elektrizitäts-Werk Mainbernheim GmbH,Am Wehrbach 1,97350,Mainbernheim,True,True
120,Elektrizitäts-Werk Ottersberg,Grüne Straße 24,28870,Ottersberg,True,True
121,Elektrizitätsgenossenschaft Engelsberg e.G.,Osnabrücker Straße 31a,49219,Glandorf,True,True
122,Elektrizitätsgenossenschaft Karlstein eG,Weitwiesenring 6,83435,Bad Reichenhall,True,True
123,Elektrizitätsgenossenschaft Ohlstadt eG,Schwaigweg 7,82441,Ohlstadt,True,True
124,Elektrizitätsgenossenschaft Rettenberg eG,Burgberger Str. 24,87549,Rettenberg,True,True
125,Elektrizitätsvereinigung Böbing eG,Riedelweg 2,82389,Böbing,True,True
126,Elektrizitätsversorgung (EVU) der Gemeinde Gochsheim,Am Plan 4-6,97469,Gochsheim,True,True
127,Elektrizitätswerk Gemeinde Glattbach,Im Wiesengrund 3,63864,Glattbach,True,True
128,Elektrizitätswerk Hammermühle Versorgungsgesellschaft mbH,Im Geisenborn 4,56242,Selters,True,True
129,Elektrizitätswerk Hindelang eG,Weidachstrasse 9,87541,Bad Hindelang,True,True
130,Elektrizitätswerk Karl Stengle GmbH & Co KG,Niedere-Au-Straße 11,72108,Rottenburg a. N.,True,True
131,Elektrizitätswerk Oberwössen eG,Dorfstraße 28,83246,Oberwössen,True,True
132,Elektrizitätswerk Rieger GmbH & Co. KG,Friedrichstrasse 16,72805,Lichtenstein,True,True
133,Elektrizitätswerk Tegernsee Vertriebs- und Service-KG,Hochfeldstraße 3,83684,Tegernsee,True,True
134,Elektrizitätswerk Wanfried von Scharfenberg KG,Unter der Tränke 1,37281,Wanfried,True,True
135,Elektrizitätswerk des Kantons Schaffhausen AG,Rheinstr. 37,CH-8200 ,Schaffhausen,True,True
136,Elektrizitätswerke Reutte GmbH & Co KG,Lechhalde 1 1/2,87629,Füssen,True,True
137,Emscher Lippe Energie GmbH,Ebertstr.30,45879,Gelsenkirchen,True,True
138,EnBW Ostwürttemberg DonauRies Aktiengesellschaft ODR,Unterer Brühl 2,73479,Ellwangen,True,True
139,Energie Rhein-Sieg GmbH,Südstraße 27,53757,Sankt Augustin,True,True
140,Energie Südbayern GmbH,Ungsteiner Straße 31,81539,München,True,True
141,Energie Vorpommern GmbH,Wiesenweg 6,17449,Trassenheide,True,True
142,Energie Waldeck-Frankenberg GmbH,Arolser Landstr. 27,34497,Korbach,True,True
143,Energie und Versorgung Butzbach GmbH,Himmrichsweg 2,35510,Butzbach,True,True
144,Energie und Wasser Potsdam GmbH,Steinstr. 101,14480,Potsdam,True,True
145,Energie und Wasser Wahlstedt/Bad Segeberg GmbH & Co KG,Am Wasserwerk 5,23795,Bad Segeberg,True,True
146,Energie- und Wasserversorgung Altenburg GmbH,Franz-Mehring-Straße 6,04600,Altenburg,True,True
147,Energie- und Wasserversorgung Bünde GmbH,Osnabrücker Str. 205,32257,Bünde,True,True
148,Energie- und Wasserversorgung Bitz GmbH,Goethestraße 91,72461,Albstadt,True,True
149,Energie- und Wasserversorgung Bruchsal GmbH,,76646,Bruchsal,True,True
150,Energie- und Wasserversorgung Kirchzarten GmbH,Hauptstrasse 24,79199,Kirchzarten,True,True
151,Energie- und Wasserversorgung Rheine GmbH,Hafenbahn 10,48431,Rheine,True,True
152,Energie- und Wasserwerke Bautzen GmbH,Schäfferstraße 44,02625,Bautzen,True,True
153,Energie-Gesellschaft Unterkirnach mbH,Hauptstraße 5,78089,Unterkirnach,True,True
154,EnergieSüdwest Aktiengesellschaft,Industriestr. 18,76829,Landau,True,True
155,Energiegenossenschaft für Wittmund eG,Aseler-Str. 10,26409,Wittmund,True,True
156,Energieversorgung Bad Bentheim GmbH & Co. KG,Schloßstraße 2a,48455,Bad Bentheim,True,True
157,Energieversorgung Bad Boll GmbH,Eybstraße 98 - 102,73312,Geislingen,True,True
158,Energieversorgung Buching-Trauchgau GmbH,Lechbrucker Str. 4,87642,Halblech,True,True
159,Energieversorgung Dahlenburg-Bleckede AG,Lüneburger Straße 21,21368,Dahlenburg,True,True
160,Energieversorgung Gaildorf OHG,Burg 2,74405,Gaildorf - Unterrot,True,True
161,Energieversorgung Gera GmbH,De-Smit-Straße 18,07545,Gera,True,True
162,Energieversorgung Greiz GmbH,Mollbergstraße 20,07973,Greiz,True,True
163,Energieversorgung Lenningen GmbH,Eybstraße 98 - 102,73252,Lenningen,True,True
164,Energieversorgung Leverkusen GmbH & Co. KG,Overfeldweg 23,51371,Leverkusen,True,True
165,Energieversorgung Limburg GmbH,Ste.-Foy-Straße 36,65549,Limburg an der Lahn,True,True
166,Energieversorgung Lohr-Karlstadt und Umgebung GmbH,Zum Helfenstein 4 - 6,97753,Karlstadt,True,True
167,Energieversorgung Münchberg-Schwarzenbach/Saale GmbH & Co.KG,Mühlgasse 5,95213,Münchberg,True,True
168,Energieversorgung Main-Spessart GmbH,Boschweg 9,63741,Aschaffenburg,True,True
169,Energieversorgung Mainhardt Wüstenrot GmbH & Co. KG,Hauptstraße 1,74535,Mainhardt,True,True
170,Energieversorgung Mittelrhein AG,Ludwig-Erhard-Str. 8,56073,Koblenz,True,True
171,Energieversorgung Nordhausen GmbH,Straße der Genossenschaften 93,99734,Nordhausen,True,True
172,Energieversorgung Oberes Wiesental GmbH,Meinrad-Thoma-Straße 8a,79674,Todtnau,True,True
173,Energieversorgung Oberstdorf GmbH,Nebelhornstraße 51-53,87561,Oberstdorf,True,True
174,Energieversorgung Offenbach AG,Andréstraße 71,63067,Offenbach,True,True
175,Energieversorgung Oy-Kressen e.G.,Sonnenmulde 1,87466,Oy-Mittelberg,True,True
176,Energieversorgung Rüsselsheim GmbH,Walter-Flex-Straße 74,65428,Rüsselsheim,True,True
177,Energieversorgung Rudolstadt GmbH,Oststraße 18,07407,Rudolstadt,True,True
178,Energieversorgung Südbaar GmbH & Co.KG,Leo-Wohleb-Str. 3,78176,Blumberg,True,True
179,Energieversorgung Schmid,Mühlenstraße 44,83417,Kirchanschöring,True,True
180,Energieversorgung Sehnde GmbH,Nordstraße 19,31319,Sehnde,True,True
181,Energieversorgung Sylt GmbH,Friesische Str. 53,25980,Westerland,True,True
182,Energieversorgung Titisee-Neustadt GmbH,Gutachstr. 13,79822,Titisee-Neustadt,True,True
183,Energieversorgung Trossingen GmbH,Bahnhofstraße 9,78647,Trossingen,True,True
184,Energiewerk Meckenheim,Hauptstr. 58,67149,Meckenheim,True,True
185,Energiewerke Isernhagen GmbH,Bothfelder Straße 31,30916,Isernhagen,True,True
186,Energiewerke Zeulenroda GmbH,Lohweg 8,07937,Zeulenroda,True,True
187,Erhard Bürk-Kauffmann GmbH,Neuffenstraße 27-29,78056,Villingen-Schwenningen,True,True
188,Erlanger Stadtwerke AG,Äußere Bruckstr. 33,91052,Erlangen,True,True
189,FREITALER STROM+GAS GMBH,Potschappler Straße 2,01705,Freital/Sachsen,True,True
190,Feuchter Gemeindewerke GmbH,Unterer Zeidlerweg 1,90537,Feucht,True,True
191,Filderstadtwerke,Brühlstraße 41,70794,Filderstadt-Sielmingen,True,True
192,Fischereihafen-Betriebsgesellschaft mbH,Lengstraße 1,27572,Bremerhaven,True,True
193,Freiberger Stromversorgung GmbH,Poststraße 5,09599,Freiberg,True,True
194,Freisinger Stadtwerke Versorgungs-GmbH,Wippenhauser Str. 19,85354,Freising,True,True
195,GASPAR - eine Marke der rhenag Rheinische Energie AG,Bayenthalgürtel 9,50968,Köln,True,True
196,GEW Wilhelmshaven GmbH,Nahestraße 6,26382,Wilhelmshaven,True,True
197,GSW Gemeinschaftsstadtwerke GmbH Kamen - Bönen - Bergkamen,Poststraße 4,59174,Kamen,True,True
198,GWG Grevenbroich GmbH,Nordstrasse 36,41515,Grevenbroich,True,
199,GWS Stadtwerke Hameln GmbH,Hafenstrasse 14,31785,Hameln,True,True
200,Gas- und Wasserversorgung Höxter GmbH,Corveyer Allee 21,37671,Höxter,True,True
201,Gebrüder Eirich GmbH & Co KG Elektrizitätswerk,Walldürner Str. 50,74736,Hardheim,True,True
202,Gebrüder Heinzelmann Elektrizitätswerk GmbH & Co. KG,Halmeil 3,77709,Wolfach-Halbmeil,True,True
203,Gemeinde Heroldsbach Stromversorgung,Hauptstraße 9,91336,Heroldsbach,True,True
204,Gemeindewerk Hördt,Am Deutschordensplatz 1,76761,Rülzheim,True,True
205,Gemeindewerke Ammerbuch GmbH,Kirchstraße 6,72119,Ammerbuch,True,True
206,Gemeindewerke Bad Sassendorf GmbH & Co. KG,Eichendorffstraße 1,59505,Bad Sassendorf,True,True
207,Gemeindewerke Baiersbronn,Oberdorfstr. 46,72270,Baiersbronn,True,True
208,Gemeindewerke Bobenheim-Roxheim,Rathausplatz,67240,Bobenheim-Roxheim,True,True
209,Gemeindewerke Budenheim AöR,Untere Stefanstr. 65,55257,Budenheim,True,True
210,Gemeindewerke Frammersbach,Marktplatz 3 (Rathaus),97833,Frammersbach,True,True
211,Gemeindewerke Garmisch-Partenkirchen,Adlerstraße 25,82467,Garmisch-Partenkirchen,True,True
212,Gemeindewerke Georgensgmünd,Bahnhofstrasse 4,91166,Georgensgmünd,True,True
213,Gemeindewerke Großkrotzenburg GmbH,Anne-Frank-Platz 10,63538,Großkrotzenburg,True,True
214,Gemeindewerke Gundelfingen GmbH,Alte Bundesstr. 31,79194,Gundelfingen,True,True
215,Gemeindewerke Hünxe GmbH,In der Beckkuhl 4,46569,Hünxe,True,True
216,Gemeindewerke Haßloch GmbH,Gottlieb-Duttenhöfer-Straße 27,67454,Haßloch,True,True
217,Gemeindewerke Halstenbek,Ostereschweg 9,25469,Halstenbek,True,True
218,Gemeindewerke Hardt,Mariazeller Str. 1,78739,Hardt,True,True
219,Gemeindewerke Heikendorf GmbH,Wasserwaage 1,24226,Heikendorf,True,True
220,Gemeindewerke Hermaringen,Karlstr. 12,89568,Hermaringen,True,True
221,Gemeindewerke Herxheim,Am Rathaus 6,76863,Herxheim,True,True
222,Gemeindewerke Hohenwestedt GmbH,Am Gaswerk 8,24594,Hohenwestedt,True,True
223,Gemeindewerke Holzkirchen GmbH,Industriestraße 8,83607,Holzkirchen,True,True
224,Gemeindewerke Kiefersfelden,Kufsteiner Straße 17,83088,Kiefersfelden,True,True
225,Gemeindewerke Krickenbach c/o Stadtwerke Kaiserslautern Versorgungs-AG,Burgstraße 11,67659,Kaiserslautern,True,True
226,Gemeindewerke Leck GmbH,Büllsbüller Chaussee 7,25917,Leck,True,
227,Gemeindewerke Markt Lichtenau,Ansbacher Straße 11,91586,Lichtenau,True,True
228,Gemeindewerke Nüdlingen,Kissinger Str. 1,97720,Nüdlingen,True,True
229,Gemeindewerke Nümbrecht GmbH,Schulstraße 4,51588,Nümbrecht,True,True
230,Gemeindewerke Neuendettelsau,Johann-Flierl-Str. 19,91564,Neuendettelsau,True,True
231,Gemeindewerke Niefern-Öschelbronn,Friedenstraße 11,75223,Niefern-Öschelbronn,True,True
232,Gemeindewerke Oberaudorf Elektrizitäts- und Wasserwerk,Kranzhornstraße 2,83080,Oberaudorf,True,True
233,Gemeindewerke Oberhaching GmbH,Alpenstraße 11,82041,Oberhaching,True,True
234,Gemeindewerke Partenstein,Hauptstrasse 24,97846,Partenstein,True,True
235,Gemeindewerke Peißenberg KU,Forster Str. 19,82380,Peißenberg,True,True
236,Gemeindewerke Peiner Land GmbH & Co.KG,Woltorfer Straße 64,31224,Peine,True,True
237,Gemeindewerke Pleinfeld,Marktplatz 11,91785,Pleinfeld,True,True
238,Gemeindewerke Rückersdorf,Brunnenweg 9,90607,Rückersdorf,True,True
239,Gemeindewerke Rheinzabern,Hauptstraße 33,76764,Rheinzabern,True,True
240,Gemeindewerke Schönkirchen GmbH,Dorfstraße 4,24232,Schönkirchen,True,True
241,Gemeindewerke Schutterwald,Rathaus,77746,Schutterwald,True,True
242,Gemeindewerke Schwarzenbruck GmbH,Unterer Zeidlerweg 1,90537,Feucht,True,True
243,Gemeindewerke Sinzheim,Müllhofener Str. 22,76547,Sinzheim,True,True
244,Gemeindewerke Stammbach,Rathausstraße 7,95236,Stammbach,True,True
245,Gemeindewerke Steißlingen,Schulstr. 19,78256,Steißlingen,True,True
246,Gemeindewerke Steinhagen GmbH,Westernkamp 12,33803,Steinhagen,True,True
247,Gemeindewerke Stelzenberg c/o Stadtwerke Kaiserslautern Versorgungs-AG,Pirmasenser Straße 62,67655,Kaiserslautern,True,True
248,Gemeindewerke Stockelsdorf GmbH,Marienburgstraße 7,23617,Stockelsdorf,True,True
249,Gemeindewerke Taufkirchen (Vils) GmbH & Co. KG,Rathausplatz 1,84416,Taufkirchen (Vils),True,True
250,Gemeindewerke Umkirch GmbH,Vinzenz-Kremp-Weg 1,79224,Umkirch,True,True
251,Gemeindewerke Waging,Salzburger Str. 1,83329,Waging am See,True,True
252,Gemeindewerke Weidenthal,Ramsteiner Weg 2,67685,Weilerbach,True,True
253,Gemeindewerke Wendelstein,Nürnberger Straße 5,90530,Wendelstein,True,True
254,Gemeindewerke Wildeck Obersuhl,Eisenacher Straße 98,36208,Wildeck Obersuhl,True,True
255,Gemeindewerken Bovenden GmbH & Co. KG,Rathausplatz 1,37120,Bovenden,True,True
256,Gemeindl. Werke Hengersberg,Mimminger Straße 2,94491,Hengersberg,True,True
257,Gemeindliche Stromversorgung Röttenbach,Ringstr. 46,91341,Röttenbach,True,True
258,Georg Oest Mineralölwerk GmbH & Co KG,Georg-Oest-Str. 4,72250,Freudenstadt,True,True
259,Gewerbepark Nürnberg-Feucht Versorgungs- und Abwasserentsorgungs GmbH,Unterer Zeidlerweg 1,90537,Feucht,True,True
260,Greenline - alternative energien GmbH,Edelmannstr. 22,39218,Schönebeck,True,True
261,HAMBURG ENERGIE GmbH,Billhorner Deich 2,20539,Hamburg,True,True
262,HEW HofEnergie+Wasser GmbH,Unterkotzauer Weg 25,95028,Hof,True,True
263,HEWA GmbH,Wilhelm-Ulmer-Str. 12,91217,Hersbruck,True,True
264,Harz Energie GmbH & Co. KG,Lasfelder Str. 10,37520,Osterode,True,True
265,Havelstrom Zehdenick GmbH,Schleusenstraße 22,16792,Zehdenick,True,True
266,Heinrich Klöcker GmbH & Co.KG,Ahauser Straße 21,46325,Borken,True,True
267,Hellweg Energie GmbH - eine Marke der Stadtwerke Lippstadt GmbH,Bunsenstr. 2,59557,Lippstadt,True,True
268,Herzo Werke GmbH,Schießhausstraße 9,91074,Herzogenaurach,True,True
269,ILZHÖFERS Nachf. Inh. Walch KG,Siebentischstr. 16a,86161,Augsburg,True,True
270,Köthen Energie GmbH,Lelitzer Straße 27 b,06366,Köthen,True,True
271,KBG KraftstromBezugsgenossenschaft Homberg eG,Ostpreußenweg 5,34576,Homberg/Efzen,True,True
272,KEV Energie GmbH (Energie Nordeifel),Hindenburgstraße 13,53925,Kall,True,
273,KlickEnergie GmbH & Co. KG,Moselstraße 25-27,41464,Neuss,True,True
274,KommEnergie GmbH,Hauptplatz 4,82223,Eichenau,True,True
275,Kraftwerk Farchant A. Poettinger & Co KG,Esterbergstrasse 8,82490,Farchant,True,True
276,Kraftwerk Köhlgartenwiese GmbH,Tegernauer Ortsstrasse 9,79692,Kleines Wiesental,True,True
277,Kraftwerke Haag GmbH,Gabelsbergerstraße 25,83527,Haag i. OB,True,True
278,LSW Energie GmbH & Co. KG,Heßlinger Straße 1-5,38440,Wolfsburg,True,True
279,Licht- und Kraftwerke Helmbrechts GmbH,Münchberger Str. 65,95233,Helmbrechts,True,True
280,"Licht-, Kraft- und Wasserwerke Kitzingen GmbH",Wörthstraße 5,97318,Kitzingen,True,True
281,MANN Naturenergie GmbH & Co. KG,Schulweg 8 - 14,57520,Langenbach,True,True
282,MEGA Monheimer Elektrizitäts- und Gasversorgung GmbH,Daimlerstr. 10a,40789,Monheim am Rhein,True,True
283,MVV Energie AG,Luisenring 49,68159,Mannheim,True,True
284,Maintal-Werke-GmbH,Neckarstraße 7,63477,Maintal-Dörnigheim,True,True
285,Mainzer Stadtwerke Vertrieb und Service GmbH,Rheinallee 41,55118,Mainz,True,True
286,Meißener Stadtwerke GmbH,Karl-Niesner-Str. 1,01662,Meißen,True,True
287,Mindener Stadtwerke GmbH,Großer Domhof 3,32423,Minden,True,True
288,NEW AG,Odenkirchenerstr. 201,41236,Mönchengladbach,True,
289,NEW Tönisvorst GmbH,Ringstraße 1,47918,Tönisvorst,True,
290,NEW Viersen GmbH,Rektoratstraße 18,41747,Viersen,True,
291,NGW GmbH,Duisburger Straße 161-167,47166,Duisburg,True,True
292,Neander Energie GmbH,Wilhelmstraße 21,42489,Wülfrath,True,True
293,Neckermann Strom GmbH,Südportal 3,22848,Norderstedt,True,True
294,Neubrandenburger Stadtwerke GmbH,John-Schehr-Straße 1-5,17033,Neubrandenburg,True,True
295,Niedersachsen Ports GmbH & Co.KG Niederlassung Emden,Friedrich-Naumann-Str. 7-9,26725,Emden,True,True
296,Nienburg Energie GmbH,An der Breiten Riede 9,31582,Nienburg,True,True
297,NiersEnergie GmbH - eine Marke der Stadtwerke Kevelaer,Kroatenstr. 125,47623,Kevelaer,True,True
298,Niestetal Energie - eine Marke der Städtische Werke Kassel AG,Heiligenröder Str. 70,34266,Niestetal,True,True
299,Osterholzer Stadtwerke GmbH & Co. KG,Am Pumpelberg 4,27711,Osterholz-Scharmbeck,True,True
300,ROTHMOSER GMBH & CO. KG,Am Urtelbach 4,85567,Grafing bei München,True,True
301,Regionalwerk Bodensee GmbH & Co. KG,Waldesch 29,88069,Tettnang,True,True
302,Remstalwerk GmbH & Co. KG,Schillerstr. 30,73630,Remshalden,True,True
303,Rheinhessen-Energie GmbH c/o VG-Werke Sprendlingen-Gensingen AöR,Elisabethenstraße 1,55576,Sprendlingen,True,True
304,Rheinhessische Energie- und Wasserversorgungs-GmbH,Binger Straße 135,55218,Ingelheim,True,True
305,STAWAG Stadtwerke Aachen Aktiengesellschaft,Lombardenstr. 12-22,52070,Aachen,True,True
306,SVH Stromversorgung Haar GmbH,Blumenstr. 3,85540,Haar,True,True
307,SVI - Stromversorgung Ismaning GmbH,Mayerbacherstr. 42,85737,Ismaning,True,True
308,SVO Vertrieb GmbH,Sprengerstraße 2,29223,Celle,True,True
309,SVS-Versorgungsbetriebe GmbH,Von-Ardenne-Straße 8,48703,Stadtlohn,True,True
310,SWB Stadtwerke Biedenkopf GmbH,Mühlweg 16,35216,Biedenkopf,True,True
311,SWK Stadtwerke Kaiserslautern Versorgungs AG,Bismarckstraße 14,67655,Kaiserslautern,True,True
312,SWN Stadtwerke Northeim GmbH,Am Mühlenanger 1,37154,Northeim,True,True
313,SWS Energie GmbH,Frankendamm 7,18439,Stralsund,True,True
314,SWW Wunsiedel GmbH,Rot-Kreuz-Str. 6,95632,Wunsiedel,True,True
315,Schöpper & Knoll - Taubertal GmbH,Am Igelsbach 19,91541,Rothenburg o.d.T.,True,True
316,Schleswiger Stadtwerke GmbH,Werkstraße 1,24837,Schleswig,True,True
317,Schröder Gas GmbH & Co. KG,Dibberser Bahnhof 5,27321,Thedinghausen,True,True
318,Siegener Versorgungsbetriebe GmbH,Morleystraße 29-37,57072,Siegen,True,True
319,Solargenossenschaft Rosenheim eG,Am Gangsteig 16,83024,Rosenheim,True,True
320,Städtische Betriebswerke Luckenwalde GmbH,Kirchhofsweg 6,14943,Luckenwalde,True,True
321,Städtische Werke Magdeburg GmbH & Co. KG,Am Alten Theater 1,39104,Magdeburg,True,True
322,Städtische Werke Spremberg (Lausitz) GmbH,Lustgartenstraße 4a,03130,Spremberg,True,True
323,Städtisches Kommunalunternehmen Baiersdorf,Am Anger 5,91083,Baiersdorf,True,True
324,Stadt- und Überlandwerke GmbH Lübben,Bahnhofstraße 30,15907,Lübben,True,True
325,Stadt- und Überlandwerke GmbH Luckau-Lübbenau,Am Bahnhof 2,15926,Luckau,True,True
326,Stadtwerk Haßfurt GmbH,Augsfelder Str.6,97437,Haßfurt,True,True
327,Stadtwerk Külsheim GmbH,Kirchbergweg 7,97900,Külsheim,True,True
328,Stadtwerk Tauberfranken GmbH,Max-Planck-Str. 5,97980,Bad Mergentheim,True,True
329,Stadtwerk am See GmbH & Co. KG,Kornblumenstr. 7/1,88046,Friedrichshafen,True,True
330,Stadtwerke - Strom Plauen GmbH & Co. KG,Hammerstraße 68,08523,Plauen,True,True
331,Stadtwerke Aalen GmbH,Im Hasennest 9,73433,Aalen,True,True
332,Stadtwerke Achim AG,Gaswerkstr.7,28832,Achim,True,True
333,Stadtwerke Ahrensburg GmbH,Lohe 1,22926,Ahrensburg,True,True
334,Stadtwerke Altdorf GmbH,Hersbrucker Straße 6a,90518,Altdorf,True,True
335,Stadtwerke Altensteig,Jahnstraße 13,72213,Altensteig,True,True
336,Stadtwerke Andernach Energie GmbH,Läufstraße 4,56626,Andernach,True,True
337,Stadtwerke Annweiler,Saarlandstr. 13,76855,Annweiler,True,True
338,Stadtwerke Ansbach GmbH,Rügländer Straße 1a,91522,Ansbach,True,True
339,Stadtwerke Arnsberg Vertriebs und Energiedienstleistungs GmbH,Niedereimerfeld 22,59823,Arnsberg,True,True
340,Stadtwerke Arnstadt GmbH,Elxlebener Weg 8,99310,Arnstadt,True,True
341,Stadtwerke Aschersleben GmbH,Postfach 1756,06449,Aschersleben,True,True
342,Stadtwerke Augsburg Energie GmbH,Hoher Weg 1,86152,Augsburg,True,True
343,Stadtwerke Böblingen GmbH & Co. KG,Wolfgang-Brumme-Allee 32,71032,Böblingen,True,True
344,Stadtwerke Bühl GmbH,Siemensstr. 5,77815,Bühl,True,True
345,Stadtwerke Bad Aibling,Lindenstr. 30,83043,Bad Aibling,True,True
346,Stadtwerke Bad Brückenau GmbH,Sinnaustr. 14,97769,Bad Brückenau,True,True
347,Stadtwerke Bad Bramstedt GmbH,Lohstücker Weg 10 - 12,24576,Bad Bramstedt,True,True
348,Stadtwerke Bad Dürkheim GmbH,Salinenstrasse 36,67098,Bad Dürkheim,True,True
349,Stadtwerke Bad Friedrichshall,Saline 1,74177,Bad Friedrichshall,True,True
350,Stadtwerke Bad Herrenalb GmbH,Bahnhofstr. 12,76332,Bad Herrenalb,True,True
351,Stadtwerke Bad Hersfeld GmbH,Kleine Industriestrasse 1,36251,Bad Hersfeld,True,True
352,Stadtwerke Bad Kissingen GmbH,Würzburger Straße 5,97688,Bad Kissingen,True,True
353,Stadtwerke Bad Langensalza GmbH,Illebener Weg 11a,99947,Bad Langensalza,True,True
354,Stadtwerke Bad Nauheim GmbH,Hohe Straße 14-18,61231,Bad Nauheim,True,True
355,Stadtwerke Bad Neustadt a.d. Saale,Goethestr. 17/19,97616,Bad Neustadt,True,True
356,Stadtwerke Bad Pyrmont Energie & Verkehrs GmbH,Südstrasse 3,31812,Bad Pyrmont,True,True
357,Stadtwerke Bad Reichenhall KU,Hallgrafenstraße 2,83435,Bad Reichenhall,True,True
358,Stadtwerke Bad Säckingen GmbH,Schulhausstraße 40,79713,Bad Säckingen,True,True
359,Stadtwerke Bad Sachsa GmbH,Feldstraße 10,37441,Bad Sachsa,True,True
360,Stadtwerke Bad Salzuflen GmbH,Uferstr. 36-44,32108,Bad Salzuflen,True,True
361,Stadtwerke Bad Saulgau,Moosheimer Straße 28,88348,Bad Saulgau,True,True
362,Stadtwerke Bad Sooden-Allendorf,Werrastrasse 24,37242,Bad Sooden-Allendorf,True,True
363,Stadtwerke Bad Tölz GmbH,An der Osterleite 2,83646,Bad Tölz,True,True
364,Stadtwerke Bad Vilbel GmbH,Theodor-Heuss-Str. 53-63,61118,Bad Vilbel-Dortelweil,True,True
365,Stadtwerke Bad Wörishofen,Stadionring 18,86825,Bad Wörishofen,True,True
366,Stadtwerke Bad Wildbad GmbH & Co. KG,Ladestr. 5,75323,Bad Wildbad,True,True
367,Stadtwerke Bad Windsheim,Vorm Rothenburger Tor 2,91438,Bad Windsheim,True,True
368,Stadtwerke Balingen,Wasserwiesen 37,72336,Balingen,True,True
369,Stadtwerke Bamberg Energie- und Wasserversorgungs GmbH,Margaretendamm 28,96052,Bamberg,True,True
370,Stadtwerke Barmstedt,Bahnhofstr. 27,25355,Barmstedt,True,True
371,Stadtwerke Barmstedt Xtra GmbH,Bahnhofstr. 27,25355,Barmstedt,True,True
372,Stadtwerke Barth GmbH,Louis-Fürnberg-Strasse 3,18356,Barth,True,True
373,Stadtwerke Bayreuth Energie und Wasser GmbH,Birkenstraße 2,95447,Bayreuth,True,True
374,Stadtwerke Bebra GmbH,Wiesenweg 1,36179,Bebra,True,True
375,Stadtwerke Bernau GmbH,Breitscheidstraße 45,16321,Bernau bei Berlin,True,True
376,Stadtwerke Bexbach GmbH,Kolpingstraße 83,66450,Bexbach,True,True
377,Stadtwerke Bietigheim-Bissingen GmbH,Rötestr. 8,74321,Bietigheim-Bissingen,True,True
378,Stadtwerke Blankenburg GmbH,Börnecker Straße 6,38889,Blankenburg,True,True
379,Stadtwerke Bliestal GmbH,Bliesgaustraße 13,66440,Blieskastel,True,True
380,Stadtwerke Bogen GmbH,Agendorfer Straße 19,94327,Bogen,True,True
381,Stadtwerke Brühl GmbH,Engeldorfer Straße 2,50321,Brühl,True,True
382,Stadtwerke Brandenburg an der Havel GmbH & Co. KG,Packhofstraße 31,14776,Brandenburg an der Havel,True,True
383,Stadtwerke Bredstedt GmbH,Markt 3,25821,Bredstedt,True,
384,Stadtwerke Bretten GmbH,Pforzheimer Str. 80-84,75015,Bretten,True,True
385,Stadtwerke Brunsbüttel GmbH,Eddelaker Straße 123 d,25541,Brunsbüttel,True,True
386,Stadtwerke Buchen GmbH & Co KG,Am Hohen Markstein 3,74722,Buchen/Odenwald,True,True
387,Stadtwerke Buchholz in der Nordheide GmbH,Maurerstraße 10,21244,Buchholz i.d.N.,True,True
388,Stadtwerke Burg GmbH,Schartauer Straße 58a,39288,Burg,True,True
389,Stadtwerke Burgdorf GmbH,Vor dem Hannoverschen Tor 12,31303,Burgdorf,True,True
390,Stadtwerke Buxtehude GmbH,Ziegelkamp 8,21614,Buxtehude,True,True
391,Stadtwerke Castrop-Rauxel GmbH,Lönsstrasse 12,44575,Castrop-Rauxel,True,True
392,Stadtwerke Celle GmbH,Magnusstraße 2,29221,Celle,True,True
393,Stadtwerke Clausthal-Zellerfeld GmbH,Robert-Koch-Str. 5,38678,Clausthal-Zellerfeld,True,True
394,Stadtwerke Cottbus GmbH,Karl-Liebknecht-Straße 130,03046,Cottbus,True,True
395,Stadtwerke Crailsheim GmbH,Fr.-Bergius-Str. 10 - 14,74564,Crailsheim,True,True
396,Stadtwerke Döbeln GmbH,Rosa-Luxemburg-Str. 9,04720,Döbeln,True,True
397,Stadtwerke Düren GmbH,Arnoldsweilerstr. 60,52351,Düren,True,True
398,Stadtwerke Dachau,Brunngartenstr. 3,85221,Dachau,True,True
399,Stadtwerke Deggendorf GmbH,Graflinger Straße 36,94469,Deggendorf,True,True
400,Stadtwerke Deidesheim GmbH,Im Kathrinenbild 5,67146,Deidesheim,True,True
401,Stadtwerke Detmold GmbH,Am Gelskamp 10,32758,Detmold,True,True
402,Stadtwerke Dettelbach,Luitpold-Baumann-Str. 1,97337,Dettelbach,True,True
403,Stadtwerke Dinslaken GmbH,Gerhard-Malina-Strasse 1,46537,Dinslaken,True,True
404,Stadtwerke Ditzingen GmbH & Co. KG,Bauernstraße 76/1,71254,Ditzingen,True,True
405,Stadtwerke EVB Huntetal GmbH,Amelogenstr. 1,49356,Diepholz,True,True
406,Stadtwerke Ebermannstadt Versorgungsbetriebe GmbH,Forchheimer Straße 29,91320,Ebermannstadt,True,True
407,Stadtwerke Eckernförde GmbH,Bormbrook 1,24340,Eckernförde,True,True
408,Stadtwerke Einbeck GmbH,Grimsehlstraße 17,37574,Einbeck,True,True
409,Stadtwerke Eisenberg Energie GmbH,Etzdorfer Str. 2,07607,Eisenberg,True,True
410,Stadtwerke Elbtal GmbH,Neubrunnstraße 8,01445,Radebeul,True,True
411,Stadtwerke Elm-Lappwald GmbH,Marktstraße 18,38154,Königslutter am Elm,True,True
412,Stadtwerke Elmshorn,Westerstr. 50 - 54,25336,Elmshorn,True,True
413,Stadtwerke Elzach Versorgungs- und Kurbetriebe,Hauptstraße 99,79215,Elzach,True,True
414,Stadtwerke Emden GmbH,Martin-Faber-Str. 11,26725,Emden,True,True
415,Stadtwerke Emmendingen GmbH,Am Gaswerk 1,79312,Emmendingen,True,True
416,Stadtwerke Emmerich GmbH,Wassenbergstraße 1,46446,Emmerich,True,True
417,Stadtwerke Emsdetten GmbH,Moorbrückenstraße 30,48282,Emsdetten,True,True
418,Stadtwerke Energie Jena-Pößneck GmbH,Rudolstädter Straße 39,07745,Jena,True,True
419,Stadtwerke Engen GmbH,Eugen-Schädler-Str. 3,78234,Engen,True,True
420,Stadtwerke Erkrath GmbH,Gruitener Straße 27,40699,Erkrath,True,True
421,Stadtwerke Eschwege GmbH,Niederhoner Straße 36,37269,Eschwege,True,True
422,Stadtwerke Essen AG,Rüttenscheider Straße 27 - 37,45128,Essen,True,True
423,Stadtwerke Ettlingen GmbH,Hertzstraße 33,76275,Ettlingen,True,True
424,Stadtwerke Eutin GmbH,Holstenstraße 6,23701,Eutin,True,True
425,Stadtwerke Fürstenfeldbruck GmbH,Bullachstrasse 27,82256,Fürstenfeldbruck,True,True
426,Stadtwerke Feuchtwangen,Ansbacher Straße 29,91555,Feuchtwangen,True,True
427,Stadtwerke Finsterwalde GmbH,Langer Damm 14,03238,Finsterwalde,True,True
428,Stadtwerke Forchheim GmbH,Haidfeldstrasse 8,91301,Forchheim,True,True
429,Stadtwerke Frankenthal GmbH,Wormser Str. 111,67227,Frankenthal,True,True
430,Stadtwerke Frankfurt (Oder) GmbH,Karl-Marx-Straße 195,15230,Frankfurt (Oder),True,True
431,Stadtwerke Freudenberg GmbH & Co. KG,Hauptstraße 152,97896,Freudenberg,True,True
432,Stadtwerke Freudenstadt GmbH & Co. KG,Reichsstraße 9,72250,Freudenstadt,True,True
433,Stadtwerke Görlitz AG,Demianiplatz 23,02826,Görlitz,True,True
434,Stadtwerke Gütersloh GmbH,Berliner Str. 260,33330,Gütersloh,True,True
435,Stadtwerke Garbsen GmbH,Kochslandweg 20-22,30823,Garbsen,True,True
436,Stadtwerke Geesthacht GmbH,Elbuferstraße 48-54,21502,Geesthacht,True,True
437,Stadtwerke Geldern GmbH,Markt 25,47608,Geldern,True,True
438,Stadtwerke Gelnhausen GmbH,Philipp-Reis-Straße 1 - 3,63571,Gelnhausen,True,True
439,Stadtwerke Gengenbach,Hauptstraße 17,77723,Gengenbach,True,True
440,Stadtwerke Georgsmarienhütte GmbH,Malbergerstraße 13,49124,Georgsmarienhütte,True,True
441,Stadtwerke Germersheim GmbH,Gaswerkstraße 3,76726,Germersheim,True,True
442,Stadtwerke Gescher GmbH,Inselstr. 5,48712,Gescher,True,True
443,Stadtwerke Gießen AG,Lahnstraße 31,35398,Gießen,True,True
444,Stadtwerke Gifhorn GmbH,Torstraße 7,38518,Gifhorn,True,True
445,Stadtwerke Glückstadt GmbH,Bahnhofstrasse 2,25348,Glückstadt,True,True
446,Stadtwerke Goch GmbH,Postfach 100553,47574,Goch,True,True
447,Stadtwerke Grünstadt GmbH,Max-Planck-Str. 12,67269,Grünstadt,True,True
448,Stadtwerke Greven GmbH,Saerbecker Str. 77-78,48268,Greven,True,True
449,Stadtwerke Grevesmühlen GmbH,Grüner Weg 26,23936,Grevesmühlen,True,True
450,Stadtwerke Grimma GmbH,Lange Straße 17,04668,Grimma,True,True
451,Stadtwerke Groß-Gerau Versorgungs GmbH,Darmstädter Strasse 53,64521,Groß-Gerau,True,True
452,Stadtwerke Gronau GmbH,Laubstiege 19,48599,Gronau,True,True
453,Stadtwerke Gunzenhausen GmbH,Nürnbergerstr. 19-21,91710,Gunzenhausen,True,True
454,Stadtwerke Hünfeld GmbH,Lindenstraße 8,36088,Hünfeld,True,True
455,Stadtwerke Haan GmbH,Leichlinger Straße 2,42781,Haan,True,True
456,Stadtwerke Hagenow GmbH,Bahnhofstraße 87,19230,Hagenow,True,True
457,Stadtwerke Haiger,Hüttenstraße 18,35708,Haiger,True,True
458,Stadtwerke Hammelburg GmbH,Rote-Kreuz-Str. 44,97762,Hammelburg,True,True
459,Stadtwerke Harsewinkel GmbH,Münsterstraße 8,33428,Harsewinkel,True,True
460,Stadtwerke Haslach,Alte Hausacher Str. 1,77716,Haslach,True,True
461,Stadtwerke Hattingen GmbH,Weg zum Wasserwerk 23,45525,Hattingen,True,True
462,Stadtwerke Heide GmbH,Hinrich-Schmidt-Str. 16,25746,Heide,True,True
463,Stadtwerke Heidelberg Energie GmbH,Kurfürsten-Anlage 50,69115,Heidelberg,True,True
464,Stadtwerke Heidenheim AG,Meeboldstraße 1,89522,Heidenheim,True,True
465,Stadtwerke Heilsbronn,Kammereckerplatz 1,91560,Heilsbronn,True,True
466,Stadtwerke Herborn GmbH,Walkmühlenweg 12,35745,Herborn,True,True
467,Stadtwerke Herford GmbH,Werrestr. 103,32049,Herford,True,True
468,Stadtwerke Herne AG,Grenzweg 18,44623,Herne,True,True
469,Stadtwerke Hilden GmbH,Am Feuerwehrhaus 1,40724,Hilden,True,True
470,Stadtwerke Hockenheim,Obere Hauptstr. 8,68766,Hockenheim,True,True
471,Stadtwerke Holzminden GmbH,Rehwiese 28,37603,Holzminden,True,True
472,Stadtwerke Homburg GmbH,Lessingstr. 3,66424,Homburg,True,True
473,Stadtwerke Husum GmbH,Am Binnenhafen 1,25813,Husum,True,True
474,Stadtwerke Iserlohn GmbH,Stefanstr. 4-8,58638,Iserlohn,True,True
475,Stadtwerke Itzehoe GmbH,Gasstraße 18,25524,Itzehoe,True,True
476,Stadtwerke Jülich GmbH,An der Vogelstange 2a,52428,Jülich,True,True
477,Stadtwerke Kaarst GmbH,Rathaus Stadt Kaarst,41564,Kaarst,True,True
478,Stadtwerke Kaltenkirchen GmbH,Kamper Weg 38,24568,Kaltenkirchen,True,True
479,Stadtwerke Kamp-Lintfort GmbH,Wilhelmstraße 1a,47475,Kamp-Lintfort,True,True
480,Stadtwerke Karlsruhe GmbH,Daxlander Straße 72,76185,Karlsruhe,True,True
481,Stadtwerke Kelheim GmbH & Co. KG,Hallstattstr. 15,93309,Kelheim,True,True
482,Stadtwerke Kiel AG,Uhlenkrog 32,24113,Kiel,True,True
483,Stadtwerke Kleve GmbH,Flutstraße 36,47533,Kleve,True,True
484,Stadtwerke Klingenberg Kommunalunternehmen (AöR),Rathausstraße 9,63911,Klingenberg a.Main,True,True
485,Stadtwerke Konstanz GmbH,Max-Stromeyerstr.21-29,78467,Konstanz,True,True
486,Stadtwerke Kusel GmbH,Lehnstraße 32,66869,Kusel,True,True
487,Stadtwerke Löbau GmbH,Georgewitzer Strasse 54,02708,Löbau,True,True
488,Stadtwerke Löffingen,Rathausplatz 1,79843,Löffingen,True,True
489,Stadtwerke Lübbecke GmbH,Gasstraße 1,32312,Lübbecke,True,True
490,Stadtwerke Lüdenscheid GmbH,Lennestraße 2,58507,Lüdenscheid,True,True
491,Stadtwerke Laage GmbH,Polchower Chaussee 12,18299,Laage,True,True
492,Stadtwerke Lambrecht (Pfalz) GmbH,Hauptstrasse 14,67466,Lambrecht,True,True
493,Stadtwerke Langen GmbH,Weserstr. 14,63225,Langen,True,True
494,Stadtwerke Langenzenn,Obere Ringstrasse 17,90579,Langenzenn,True,True
495,Stadtwerke Laufenburg,Hauptstraße 30,79725,Laufenburg,True,True
496,Stadtwerke Lauterbach GmbH,Hinter dem Spittel 15,36341,Lauterbach,True,True
497,Stadtwerke Lemgo GmbH,Bruchweg 24,32657,Lemgo,True,True
498,Stadtwerke Lengerich GmbH,An der Mühlenbreede 4,49525,Lengerich,True,True
499,Stadtwerke Lindau (B) GmbH & Co. KG,Auenstraße 12,88131,Lindau (B),True,True
500,Stadtwerke Lippstadt GmbH,Bunsenstraße 2,59557,Lippstadt,True,True
501,Stadtwerke Lohmar GmbH & Co. KG,Hauptstraße 27 -29,53797,Lohmar,True,True
502,Stadtwerke Ludwigsfelde GmbH,Potsdamer Straße 31,14974,Ludwigsfelde,True,True
503,Stadtwerke Lutherstadt Wittenberg GmbH,Lucas-Cranach-Str. 22,06886,Lutherstadt Wittenberg,True,True
504,Stadtwerke Mössingen,Freiherr-vom-Stein-Str. 18,72116,Mössingen,True,True
505,Stadtwerke Mühlacker GmbH,Danzigerstraße 13,75417,Mühlacker,True,True
506,Stadtwerke Mühldorf a. Inn GmbH & Co.KG,Weserstraße 4,84453,Mühldorf a. Inn,True,True
507,Stadtwerke Mühlhausen GmbH,Windeberger Landstraße 73,99974,Mühlhausen,True,True
508,Stadtwerke Mühlheim am Main GmbH,Dietesheimer Straße 70,63165,Mühlheim,True,True
509,Stadtwerke MüllheimStaufen GmbH,Marktstraße 1-3,79379,Müllheim,True,True
510,Stadtwerke Marburg GmbH,Am Krekel 55,35039,Marburg,True,True
511,Stadtwerke Meerane GmbH,Obere Bahnstr. 10,08393,Meerane,True,True
512,Stadtwerke Meiningen GmbH,Utendorfer Straße 122,98617,Meiningen,True,True
513,Stadtwerke Mengen,Mittlere Straße 40,88512,Mengen,True,True
514,Stadtwerke Metzingen,Stuttgarter Straße 59,72555,Metzingen,True,True
515,Stadtwerke Mosbach GmbH,Am Henschelberg 6,74821,Mosbach,True,True
516,Stadtwerke Munster-Bispingen GmbH,Rehrhofer Weg 127-133,29633,Munster,True,True
517,Stadtwerke Nürtingen GmbH,Porschestraße 5-9,72622,Nürtingen,True,True
518,Stadtwerke Neu-Isenburg GmbH,Schleussnerstr. 62,63263,Neu-Isenburg,True,True
519,Stadtwerke Neuffen AG,Bahnhofstr. 32,72639,Neuffen,True,True
520,Stadtwerke Neumarkt in der Oberpfalz,Ingolstädter Straße 18,92318,Neumarkt i.d.Opf.,True,True
521,Stadtwerke Neuruppin GmbH,Heinrich-Rau-Str. 3,16816,Neuruppin,True,True
522,Stadtwerke Neuss Energie und Wasser GmbH,Moselstraße 25-27,41464,Neuss,True,True
523,Stadtwerke Neustadt am Rübenberge GmbH & Co. KG,Herzstr. 3,31535,Neustadt a. Rgbe.,True,True
524,Stadtwerke Neustadt an der Aisch GmbH,Markgrafenstrasse 24,91413,Neustadt a.d. Aisch,True,True
525,Stadtwerke Neustadt an der Orla GmbH,Ernst-Thälmann-Straße 18,07806,Neustadt an der Orla,True,True
526,Stadtwerke Neustadt an der Weinstraße GmbH,Schlachthofstrasse 60,67433,Neustadt an der Weinstrasse,True,True
527,Stadtwerke Neustadt in Holstein,Ziegelhof 8,23730,Neustadt,True,True
528,Stadtwerke Neustrelitz GmbH,Wilhelm-Stolte-Straße 90,17235,Neustrelitz,True,True
529,Stadtwerke Neuwied GmbH,Hafenstraße 90,56564,Neuwied,True,True
530,Stadtwerke Niebüll GmbH,Ostring 5,25899,Niebüll,True,
531,Stadtwerke Norden,Feldstr. 10,26506,Norden,True,True
532,Stadtwerke Norderney GmbH,Jann-Berghausstraße 34,26548,Norderney,True,True
533,Stadtwerke Norderstedt,Heidbergstr. 101-111,22846,Norderstedt,True,True
534,Stadtwerke Nortorf AöR,Poststr. 21,24589,Nortorf / Holstein,True,True
535,Stadtwerke Oberkirch GmbH,Appenweierer Str. 54,77704,Oberkirch,True,True
536,Stadtwerke Olching GmbH,Ilzweg 1,82140,Olching,True,True
537,Stadtwerke Osnabrück AG,Alte Poststraße 9,49074,Osnabrück,True,True
538,Stadtwerke Passau GmbH,Regensburger Straße 29,94036,Passau,True,True
539,Stadtwerke Peine GmbH,Woltorfer Str. 64,31224,Peine,True,True
540,Stadtwerke Pfaffenhofen a. d. Ilm,Michael-Weingartner-Straße 11,85276,Pfaffenhofen a. d. Ilm,True,True
541,Stadtwerke Pfarrkirchen,Äußere-Simbacher-Str. 7,84347,Pfarrkirchen,True,True
542,Stadtwerke Pfullendorf GmbH,Bahnhofstr. 6,88630,Pfullendorf,True,True
543,Stadtwerke Pinneberg GmbH,Am Hafen 67,25421,Pinneberg,True,True
544,Stadtwerke Pirmasens Versorgungs GmbH,An der Streckbrücke 4,66954,Pirmasens,True,True
545,Stadtwerke Plön Versorgung GmbH,Lübecker Str. 20,24306,Plön,True,True
546,Stadtwerke Prenzlau GmbH,Freyschmidtstraße 20,17291,Prenzlau,True,True
547,Stadtwerke Pritzwalk GmbH,Gartenstraße 8,16928,Pritzwalk,True,True
548,Stadtwerke Pulheim GmbH,Christianstraße 39,50259,Pulheim,True,True
549,Stadtwerke Quedlinburg GmbH,Rathenaustr. 9,06484,Quedlinburg,True,True
550,Stadtwerke Quickborn GmbH,Pinneberger Str. 2,25451,Quickborn,True,True
551,Stadtwerke Radolfzell GmbH,Untertorstraße 7-9,78315,Radolfzell,True,True
552,Stadtwerke Ramstein-Miesenbach GmbH,Am Neuen Markt 8,66877,Ramstein-Miesenbach,True,True
553,Stadtwerke Rastatt GmbH,Markgrafenstraße 7,76437,Rastatt,True,True
554,Stadtwerke Ratingen GmbH,Sandstr.36,40878,Ratingen,True,True
555,Stadtwerke Reichenbach/Vogtland GmbH,Roßplatz 13,08468,Reichenbach,True,True
556,Stadtwerke Rendsburg GmbH,Am Eiland 12,24768,Rendsburg,True,True
557,Stadtwerke Rinteln GmbH,Bahnhofsweg 6,31737,Rinteln,True,True
558,Stadtwerke Rosenheim Versorgungs GmbH,Bayerstraße 5,83022,Rosenheim,True,True
559,Stadtwerke Rotenburg (Wümme) GmbH,Mittelweg 19,27356,Rotenburg (Wümme),True,True
560,Stadtwerke Roth,Sandgasse 23,91154,Roth,True,True
561,Stadtwerke Rothenburg o.d.T. GmbH,Steinweg 25,91541,Rothenburg o.T.,True,True
562,Stadtwerke Rottenburg am Neckar GmbH,Siebenlindenstraße 19,72108,Rottenburg am Neckar,True,True
563,Stadtwerke Saalfeld GmbH,Remschützer Str. 42,07318,Saalfeld,True,True
564,Stadtwerke Schüttorf-Emsbüren GmbH,Quendorfer Straße 34,48465,Schüttorf,True,True
565,Stadtwerke Schaumburg-Lippe GmbH,An der Gasanstalt 6,31675,Bückeburg,True,True
566,Stadtwerke Scheinfeld,Karl-Lax-Str. 1,91443,Scheinfeld,True,True
567,Stadtwerke Schifferstadt,Mühlstraße 18,67105,Schifferstadt,True,True
568,Stadtwerke Schkeuditz GmbH,Edisonstr. 36,04435,Schkeuditz,True,True
569,Stadtwerke Schlitz,An der Kirche 4,36110,Schlitz,True,True
570,Stadtwerke Schneverdingen-Neuenkirchen GmbH,Harburgerstr 21,29640,Schneverdingen,True,True
571,Stadtwerke Schorndorf GmbH,Augustenstraße 7,73614,Schorndorf,True,True
572,Stadtwerke Schramberg GmbH & Co. KG,Gustav-Maier-Straße 11,78713,Schramberg,True,True
573,Stadtwerke Schwäbisch Gmünd GmbH,Bürgerstraße 5,73525,Schwäbisch Gmünd,True,True
574,Stadtwerke Schwäbisch Hall GmbH,An der Limpurgbrücke 1,74523,Schwäbisch Hall,True,True
575,Stadtwerke Schwabach GmbH,Ansbacher Straße.14,91126,Schwabach,True,True
576,Stadtwerke Schwedt GmbH,Heinersdorfer Damm 55 - 57,16303,Schwedt/Oder,True,True
577,Stadtwerke Schwentinental GmbH,Seebrooksberg 1,24222,Schwentinental,True,True
578,Stadtwerke Schwetzingen GmbH & Co. KG,Scheffelstr. 16,68723,Schwetzingen,True,True
579,Stadtwerke Sigmaringen,Fürst-Wilhelm-Str.15,72488,Sigmaringen,True,True
580,Stadtwerke Solingen GmbH,Beethovenstr. 210,42655,Solingen,True,True
581,Stadtwerke Soltau GmbH & Co. KG,Weinberg 46,29614,Soltau,True,True
582,Stadtwerke Sondershausen GmbH,Johann-Karl-Wezel-Straße 65,99706,Sondershausen,True,True
583,Stadtwerke Speyer GmbH,Georg-Peter-Süß Str. 2,67346,Speyer,True,True
584,Stadtwerke Springe GmbH,Zum Oberntor 19,31832,Springe,True,True
585,Stadtwerke Staßfurt GmbH,Athenslebener Weg 15,39418,Staßfurt,True,True
586,Stadtwerke Stade GmbH,Hansestr. 18,21682,Stade,True,True
587,Stadtwerke Stein GmbH & Co. KG,Wilhelmstraße 5,90547,Stein,True,True
588,Stadtwerke Stendal GmbH,Rathenower Str. 1,39576,Stendal,True,True
589,Stadtwerke Stockach GmbH,Ablaßwiesen 8,78333,Stockach,True,True
590,Stadtwerke Straubing Strom und Gas GmbH,Sedanstraße 10 - Heerstraße 43,94315,Straubing,True,True
591,Stadtwerke Strausberg GmbH,Kastanienallee 38,15344,Strausberg,True,True
592,Stadtwerke Suhl/Zella-Mehlis GmbH,Fröhliche-Mann-Straße 2,98528,Suhl,True,True
593,Stadtwerke Tecklenburger Land Energie GmbH,Zechenstraße 10,49477,Ibbenbüren,True,True
594,Stadtwerke Teterow GmbH,Gasstraße 26,17166,Teterow,True,True
595,Stadtwerke Thale GmbH,Tunnelweg 2,06502,Thale,True,True
596,Stadtwerke Torgau GmbH,Fischerdörfchen 11,04860,Torgau,True,True
597,Stadtwerke Tornesch GmbH,Esinger Straße 1,25436,Tornesch,True,True
598,Stadtwerke Traunstein GmbH & Co. KG,Gasstrasse 37,83278,Traunstein,True,True
599,Stadtwerke Treuchtlingen,Dürerstraße 26,91757,Treuchtlingen,True,True
600,Stadtwerke Trostberg Stromversorgung GmbH,Friedrich-Ebert-Str. 2,83308,Trostberg,True,True
601,Stadtwerke Tuttlingen GmbH,Bahnhofstr. 120,78532,Tuttlingen,True,True
602,Stadtwerke Uelzen GmbH,Im neuen Felde 105,29525,Uelzen,True,True
603,Stadtwerke Uffenheim,Ringstraße 10,97215,Uffenheim,True,True
604,Stadtwerke Unna GmbH,Heinrich-Hertz-Str. 2,59423,Unna,True,True
605,Stadtwerke Uslar GmbH,Alleestr. 6-8,37170,Uslar,True,True
606,Stadtwerke Velten GmbH,Viktoriastr. 12,16727,Velten,True,True
607,Stadtwerke Verden GmbH,Weserstraße 26,27283,Verden,True,True
608,Stadtwerke Viernheim GmbH,Industriestraße 2,68519,Viernheim,True,True
609,Stadtwerke Villingen-Schwenningen GmbH,Pforzheimer Str. 1,78048,Villingen-Schwenningen,True,True
610,Stadtwerke Vilsbiburg,Kindlmühlestraße 2,84137,Vilsbiburg,True,True
611,Stadtwerke Würzburg AG,Haugerring 5,97070,Würzburg,True,True
612,Stadtwerke Wachenheim,Weinstr. 16,67157,Wachenheim,True,True
613,Stadtwerke Waiblingen GmbH,Schorndorfer Straße 67,71332,Waiblingen,True,True
614,Stadtwerke Waldkirch GmbH,Fabrikstraße 15,79183,Waldkirch,True,True
615,Stadtwerke Waldkraiburg GmbH,Meisenweg 1,84478,Waldkraiburg,True,True
616,Stadtwerke Waldshut-Tiengen GmbH,Peter-Thumb-Str. 1,79761,Waldshut-Tiengen,True,True
617,Stadtwerke Walldorf GmbH & Co. KG,Altrottstraße 39,69190,Walldorf,True,True
618,Stadtwerke Wasserburg a. Inn,Max-Emanuel-Platz 6,83512,Wasserburg a. Inn,True,True
619,Stadtwerke Weißenburg GmbH,Schlachthofstraße 19,91781,Weißenburg / Bayern,True,True
620,Stadtwerke Weißenfels GmbH,Südring 120,06667,Weißenfels,True,True
621,Stadtwerke Weiden i.d.OPf.,Gaswerkstr. 20,92637,Weiden i.d.OPf.,True,True
622,Stadtwerke Weilburg GmbH,Lessingstraße 6,35781,Weilburg,True,True
623,Stadtwerke Weilheim i.OB,Krumpperstraße 21,82362,Weilheim i.OB,True,True
624,Stadtwerke Weimar Stadtversorgungs-GmbH,Industriestraße 14,99427,Weimar,True,True
625,Stadtwerke Weinheim GmbH,Breitwieserweg 5,69469,Weinheim,True,True
626,Stadtwerke Werdau GmbH,Zwickauer Straße 39,08412,Werdau,True,True
627,Stadtwerke Wernigerode GmbH,Am Kupferhammer 38,38855,Wernigerode,True,True
628,Stadtwerke Wertheim GmbH,Mühlenstr. 60,97877,Wertheim,True,True
629,Stadtwerke Wesel GmbH,Emmericher Str. 11 - 29,46485,Wesel,True,True
630,Stadtwerke Weserbergland GmbH,Hafenstraße 14,31785,Hameln,True,True
631,Stadtwerke Willich GmbH,Brauereistraße 7,47877,Willich,True,True
632,Stadtwerke Wilster,Klosterhof 31,25554,Wilster,True,True
633,Stadtwerke Winnenden GmbH,Wiesenstr. 10,71364,Winnenden,True,True
634,Stadtwerke Winsen (Luhe) GmbH,Schloßring 50,21423,Winsen (Luhe),True,True
635,Stadtwerke Wismar GmbH,Flöter Weg 6 -12,23970,Wismar,True,True
636,Stadtwerke Wolfenbüttel GmbH,Am Wasserwerk 2,38304,Wolfenbüttel,True,True
637,Stadtwerke Wolfhagen GmbH,Siemensstraße 10,34466,Wolfhagen,True,True
638,Stadtwerke Zeil am Main,Bamberger Str. 20,97475,Zeil a. Main,True,True
639,Stadtwerke Zeitz GmbH,Geußnitzer Straße 74,06712,Zeitz,True,True
640,Stadtwerke Zeven GmbH,Vitus-Platz 1,27404,Zeven,True,True
641,Stadtwerke Zirndorf GmbH,Schützenstr. 12,90513,Zirndorf,True,True
642,Stadtwerke Zittau GmbH,Friedensstraße 17,02763,Zittau,True,True
643,Stadtwerke Zweibrücken GmbH,Gasstraße 1,66482,Zweibrücken,True,True
644,Stadtwerke Zwiesel,Fürhaupten 9,94227,Zwiesel,True,True
645,Stadtwerkenergie Ostwestfalen-Lippe GmbH,Am Gelskamp 10,32758,Detmold,True,True
646,Strom von Föhr Vertriebs-GmbH,Buurnstrat 79,25938,Oevenum,True,True
647,Stromversorgung Greding eG,Marktplatz 9,91171,Greding,True,True
648,Stromversorgung Greifswald GmbH,Gützkower Landstraße 19-21,17489,Greifswald,True,True
649,Stromversorgung Inzell eG,Bauhofstr. 15,83334,Inzell,True,True
650,Stromversorgung Neunkirchen GmbH,Sichartstraße 49,91207,Lauf a. d. Pegnitz,True,True
651,Stromversorgung Ruhpolding GmbH,Rathausstraße 12,83324,Ruhpolding,True,True
652,Stromversorgung Schierling eG,Dorfmühlstraße 4,84069,Schierling,True,True
653,Stromversorgung Seebruck eG,Haushofer Str. 20,83358,Seebruck am Chiemsee,True,True
654,Stromversorgung Sulz GmbH,Am Markplatz 1,72172,Sulz a. N.,True,True
655,Stromversorgung Zerbst GmbH & Co. KG,Dessauer Str. 76,39261,Zerbst,True,True
656,Stromversorgung der Gemeinde Hemhofen,Blumenstraße 25,91334,Hemhofen,True,True
657,TWH - Technische Werke Herbrechtingen GmbH,Bauhofstraße 8,89542,Herbrechtingen,True,True
658,TauberEnergie Kuhn,Engelsbergstraße 1,97980,Bad Mergentheim,True,True
659,Technische Werke Osning GmbH,Gartnischer Weg 127,33790,Halle in Westfalen,True,True
660,Technische Werke Schussental GmbH & Co. KG,Schussenstraße 22,88212,Ravensburg,True,True
661,Teckwerke Bürgerenergie eG,Paradiesstr. 23 - 25,73230,Kirchheim unter Teck,True,True
662,Teutoburger Energie Netzwerk eG,Höhenweg 14,49170,Hagen a.T.W,True,True
663,Thüga Energie GmbH,Industriestraße 9,78224,Singen,True,True
664,Turbine - eine Marke der Städtischen Werke Magdeburg GmbH & Co. KG,Am Alten Theater 1,39104,Magdeburg,True,True
665,Unterfränkische Überlandzentrale Lülsfeld eG,Schallfelder Straße 11,97511,Lülsfeld,True,True
666,VWS Verbundwerke Südwestsachsen GmbH,Hartensteiner Straße 7,09350,Lichtenstein,True,True
667,Verbands- und Gemeindewerke Rülzheim,Am Deutschordensplatz 1,76761,Rülzheim,True,True
668,Verbandsgemeinde Weilerbach Elektrizitätsversorgung,Rummelstr. 15,67685,Weilerbach,True,True
669,Verbandsgemeindewerk Bruchmühlbach-Miesau,Am Rathaus 2,66892,Bruchmühlbach-Miesau,True,True
670,Verbandsgemeindewerke Dahner Felsenland,Schulstraße 29,66994,Dahn,True,True
671,Verbandsgemeindewerke Enkenbach-Alsenborn,Hauptstr. 18,67677,Enkenbach-Alsenborn,True,True
672,Vereinigte Gas- und Wasserversorgung GmbH,Ringstraße 144,33378,Rheda-Wiedenbrück,True,True
673,Vereinigte Stadtwerke GmbH,Schweriner Straße 90,23909,Ratzeburg,True,True
674,Vereinigte Wertach-Elektrizitätswerke GmbH,Neugablonzer Straße 21,87600,Kaufbeuren,True,True
675,Versorgungsbetrieb Waldbüttelbrunn GmbH,Lindenstraße 3,97297,Waldbüttelbrunn,True,True
676,Versorgungsbetriebe Bordesholm GmbH,Bahnhofstr. 13,24582,Bordesholm,True,True
677,Versorgungsbetriebe Elbe GmbH,Hamburger Straße 9-11,21481,Lauenburg/Elbe,True,True
678,Versorgungsbetriebe Hann. Münden GmbH,Werraweg 24,34346,Hann. Münden,True,True
679,Versorgungsbetriebe Hoyerswerda GmbH,Industriegelände Str. A Nr. 7,02977,Hoyerswerda,True,True
680,Versorgungsbetriebe Kronshagen GmbH,Kopperpahler Allee 7,24119,Kronshagen,True,True
681,Versorgungsbetriebe Zellingen,Würzburger Straße 26,97225,Zellingen,True,True
682,Vorarlberger Kraftwerke AG,Sedanstr. 19,88161,Lindenberg,True,
683,WEVG Salzgitter GmbH & Co. KG,Albert-Schweitzer-Straße 7-11,38226,Salzgitter,True,True
684,Wadersloh Energie GmbH,Liesborner Straße 5,59329,Wadersloh,True,True
685,Warendorfer Energieversorgung GmbH (WEV),Hellegraben 25,48231,Warendorf,True,True
686,Weißachtal-Kraftwerke eG,Kalzhofer Str. 5,87534,Oberstaufen,True,True
687,Wendelsteinbahn GmbH,Kerschelweg 30,83098,Brannenburg,True,True
688,Werra-Strom GmbH,Hinter dem Deich 9,37213,Witzenhausen,True,True
689,Werraenergie GmbH,August-Bebel-Straße 36-38,36433,Bad Salzungen,True,True
690,WestEnergie GmbH,Mühlenstraße 30,41812,Erkelenz,True,
691,Westfalica GmbH,Steinstr. 9,32547,Bad Oeynhausen,True,True
692,Wirtschaftsbetriebe der Stadt NSHB Borkum GmbH,Hindenburgstr. 110,26757,Borkum,True,True
693,ZEAG Energie AG,Weipertstraße 41,74076,Heilbronn,True,True
694,Ziegler GmbH & Co. KG,Venedig 10,77876,Kappelrodeck,True,True
695,Zwickauer Energieversorgung GmbH,Bahnhofstr. 4,08056,Zwickau,True,True
696,e-regio GmbH & Co. KG,Rheinbacher Weg 10,53881,Euskirchen,True,True
697,e-werk Sachsenwald GmbH,Hermann-Körner-Straße 61,21465,Reinbek,True,True
698,e.wa riss GmbH & Co KG,Freiburger Straße 6,88400,Biberach,True,True
699,eins energie in sachsen GmbH & Co. KG,Augustusburger Straße 1,09111,Chemnitz,True,True
700,enQu GmbH,Speckenbeker Weg 130,24113,Kiel,True,True
701,energieversprechen.de - eine Marke der Stadtwerke Troisdorf,Poststr. 105,53840,Troisdorf,True,True
702,enewa GmbH Energie + Wasser Wachtberg,Am Wachtbergring 2a,53343,Wachtberg,True,True
703,enwag energie- und wassergesellschaft mbH,Hermannsteiner Straße 1,35576,Wetzlar,True,True
704,enwor - energie & wasser vor ort GmbH,Kaiserstraße 86,52134,Herzogenrath,True,True
705,evd energieversorgung Dormagen GmbH,Mathias-Giesen-Straße 13,41540,Dormagen,True,True
706,ew-schmid gmbh,Untere Ringstr. 28,94437,Mamming,True,True
707,gemeinsames Kommunalunternehmen Oberes Egertal,Wunsiedler Straße 30,95163,Weißenstadt,True,True
708,grün.power GmbH,An der Fahrt 5,55124,Mainz,True,True
709,infra fürth gmbh,Leyher Straße 69,90763,Fürth,True,True
710,meine StadtEnergie - eine Marke der Urbania GmbH,Breitwieserweg 5,69469,Weinheim,True,True
711,natürlich grün - eine Marke der Smiling Green Energy GmbH,Grubesallee 24,22143,Hamburg,True,True
712,stm Stadtwerke Meerbusch GmbH,Kaarster Straße 135,40670,Meerbusch,True,True
713,strotög GmbH Strom für Töging,Werkstraße 1,84513,Töging a. Inn,True,True
714,stuttgartENERGIE - eine Marke der Stadtwerke Stuttgart Vertriebsgesellschaft mbH,Friedrichstraße 45,70174,Stuttgart,True,True
715,vivi-power GmbH,Industriestraße 2,68519,Viernheim,True,True
716,4hundred GmbH,,,,,True
717,Abens-Donau Energie GmbH,,,,,True
718,Audax Energie GmbH,,,,,True
719,Bad Honnef AG,,,,,True
720,Bauer Elektrounternehmen GmbH & Co.KG,,,,,True
721,Bayernwerk Regio Energie GmbH,,,,,True
722,Benergie-Service GmbH,,,,,True
723,BERGMANN - Elektrizität & Gas - eine Marke der LSW Energie GmbH & Co. KG,,,,,True
724,Berliner Stadtwerke GmbH,,,,,True
725,Bodensee Energie - eine Marke der Stadtwerk am See GmbH & Co. KG,,,,,True
726,Bonus Strom GmbH,,,,,True
727,Burgenland Energie GmbH,,,,,True
728,Bürger Energie Genossenschaft Freisinger Land e.G.,,,,,True
729,BürgerEnergie Solingen eG,,,,,True
730,Bürgerwerke eG,,,,,True
731,C. Ensinger GmbH & Co.KG,,,,,True
732,CB Energie GmbH,,,,,True
733,Citiwerke - eine Marke der Thüga Energie GmbH,,,,,True
734,Cramer Mühle KG,,,,,True
735,Donau-Stadtwerke Dillingen-Lauingen,,,,,True
736,Dortmunder Energie- und Wasserversorgung GmbH,,,,,True
737,Dreipunkt Energie - eine Marke der AVU Aktiengesellschaft für Versorgungs-Unternehmen,,,,,True
738,Dreischtrom GmbH,,,,,True
739,E.VITA GmbH,,,,,True
740,EBERwerk GmbH & Co. KG,,,,,True
741,EBLD Schweiz Strom GmbH,,,,,True
742,EDIE Strom - eine Marke der MAINGAU Energie GmbH,,,,,True
743,EGF EnergieGesellschaft Frankenberg mbH,,,,,True
744,EHINGER ENERGIE Stromvertrieb GmbH & Co. KG,,,,,True
745,Eichenmüller GmbH & Co. KG,,,,,True
746,Einhorn Energie GmbH & Co. KG,,,,,True
747,Eisenacher Versorgungs-Betriebe GmbH,,,,,True
748,Elektra-Genossenschaft Pinzberg eG,,,,,True
749,Elektrizitäts-Genossenschaft Dirmstein eG,,,,,True
750,Elektrizitätsgenossenschaft Hasbergen eG,,,,,True
751,Elektrizitätsgenossenschaft Nordhalben und Umgebung eG,,,,,True
752,Elektrizitätsgenossenschaft Oesterweg eG,,,,,True
753,Elektrizitäts-Genossenschaft Röthenbach eG,,,,,True
754,Elektrizitäts-Genossenschaft Schlachters eG,,,,,True
755,Elektrizitäts-Genossenschaft Schonstett eG,,,,,True
756,Elektrizitätsgenossenschaft Unterneukirchen eG,,,,,True
757,Elektrizitätsgesellschaft Levern eG,,,,,True
758,Elektrizitäts-VersorgungGenossenschaft Perlesreut eG,,,,,True
759,Elektrizitätswerk Aach GmbH,,,,,True
760,Elektrizitätswerk Diessen Stadler GmbH,,,,,True
761,Elektrizitätswerk Georg Grandl e.K.,,,,,True
762,Elektrizitätswerk Goldbach-Hösbach GmbH & Co. KG,,,,,True
763,Elektrizitätswerk Haimmerer,,,,,True
764,Elektrizitätswerk Hauenstein,,,,,True
765,Elektrizitätswerk Heinrich Schirmer,,,,,True
766,Elektrizitätswerk Landsberg GmbH,,,,,True
767,Elektrizitätswerk Leitlein GmbH & Co. KG,,,,,True
768,Elektrizitätswerk Markt Obernzell,,,,,True
769,Elektrizitätswerk Max Peißker,,,,,True
770,Elektrizitätswerk Mittelbaden AG & Co. KG,,,,,True
771,Elektrizitätswerk Müller Tauberrettersheim,,,,,True
772,Elektrizitätswerk Ottenhöfen Moser GmbH & Co. KG,,,,,True
773,Elektrizitätswerk Rohmund GmbH,,,,,True
774,Elektrizitätswerk Rosenmühle e.K.,,,,,True
775,Elektrizitätswerk Schweiger GmbH,,,,,True
776,Elektrizitätswerk Weißenhorn AG,,,,,True
777,Elektrizitätswerk Wennenmühle Schörger KG,,,,,True
778,Elektro-Trück GmbH,,,,,True
779,Elogico - eine Marke der ENSTROGA AG,,,,,True
780,Emil Energie GmbH,,,,,True
781,EMMA Energie - eine Marke von TWL Energie Deutschland GmbH,,,,,True
782,eneREGIO GmbH,,,,,True
783,Energie Aktiengesellschaft Iserlohn,,,,,True
784,Energie Calw GmbH,,,,,True
785,Energie Nordeifel GmbH & Co. KG,,,,,True
786,Energie Rellingen - eine Marke der Stadtwerke Elmshorn,,,,,True
787,Energie SaarLorLux AG,,,,,True
788,Energie Sachsenheim GmbH & Co. KG,,,,,True
789,Energie und Wasser Waldbröl GmbH,,,,,True
790,Energie und Wasserversorgung Aktiengesellschaft Kamenz,,,,,True
791,Energie von nebenan - eine Marke der Stadtwerke Herne AG,,,,,True
792,Energieversorgung Alzenau GmbH,,,,,True
793,Energieversorgung Apolda GmbH,,,,,True
794,Energieversorgung Beckum GmbH & Co. KG,,,,,True
795,Energieversorgung Gemünden GmbH,,,,,True
796,Energieversorgung Guben GmbH,,,,,True
797,Energieversorgung Inselsberg GmbH,,,,,True
798,Energieversorgung Klettgau-Rheintal GmbH & Co. KG,,,,,True
799,Energieversorgung Kranenburg GmbH,,,,,True
800,Energieversorgung Marienberg GmbH,,,,,True
801,Energieversorgung Michelfeld GmbH,,,,,True
802,Energieversorgung Pirna GmbH,,,,,True
803,Energieversorgung Rodau GmbH,,,,,True
804,Energieversorgung Rupert Heider & Co. KG,,,,,True
805,Energieversorgung Selb-Marktredwitz GmbH,,,,,True
806,Energiewerk Ortenau Energiegesellschaft GmbH & Co. KG,,,,,True
807,energis GmbH,,,,,True
808,energy4u GmbH & Co. KG,,,,,True
809,enerSwitch - eine Marke der EWV Energie- und Wasser-Versorgung GmbH Stolberg,,,,,True
810,enno energie GmbH,,,,,True
811,ENPURE - eine Marke der Vattenfall Real Estate Energy Sales GmbH,,,,,True
812,Enspire Energie - eine Marke der Stadtwerke Konstanz GmbH,,,,,True
813,ENSTROGA AG,,,,,True
814,Erdgas Mittelsachsen GmbH,,,,,True
815,Erdgas Schwaben GmbH,,,,,True
816,Erdgas Südwest GmbH,,,,,True
817,Erenja - eine Marke der Gelsenwasser AG,,,,,True
818,ErmstalEnergie Dettingen an der Erms GmbH & CO. KG,,,,,True
819,EUROGATE Technical Services GmbH,,,,,True
820,EVE EnergieVersorgung Elbtalaue GmbH,,,,,True
821,EVI Energieversorgung Hildesheim GmbH & Co. KG,,,,,True
822,EVS Energieversorgung Schmalkalden GmbH,,,,,True
823,EVU Langenpreising,,,,,True
824,EVU Späth e.K,,,,,True
825,EW Eichsfeldgas GmbH,,,,,True
826,EW Geiger GmbH,,,,,True
827,E-Werk Gerolsheim,,,,,True
828,EWR AG,,,,,True
829,ExtraEnergie GmbH,,,,,True
830,Fair Trade Power Deutschland GmbH,,,,,True
831,FaNergie - eine Marke der Stadtwerke Freiberg am Neckar Vertriebs-GmbH,,,,,True
832,FischerStrom KG,,,,,True
833,Fohlenstrom - eine Marke der NEW Niederrhein Energie und Wasser GmbH,,,,,True
834,friesenenergie GmbH,,,,,True
835,Fulda-Eder Energie GmbH & Co. KG - eine Marke der Städtische Werke Kassel AG,,,,,True
836,fünfwerke GmbH & Co. KG,,,,,True
837,Fürstlich Fugger v. Glött'sche E-Werks GmbH & Co. KG,,,,,True
838,Fuxx-Die Sparenergie GmbH,,,,,True
839,Gammertinger Energie- und Wasserversorgung GmbH,,,,,True
840,GAS IN GmbH,,,,,True
841,Gas- und Energiegenossenschaft Ost- und Mitteldeutschland eG,,,,,True
842,Gas- und Wärmedienst Börnsen GmbH,,,,,True
843,GASAG AG,,,,,True
844,Gasversorgungsgesellschaft mbH Rhein-Erft (GVG),,,,,True
845,Gebrüder Miller KG Elektrizitätsversorgung,,,,,True
846,Gemeinde-Elektrizitäts- und Wasserwerk-Werk Burtenbach,,,,,True
847,Gemeindewerk Kaufungen GmbH & Co. KG - eine Marke der Städtische Werke AG Kassel,,,,,True
848,Gemeindewerke Bayerisch Gmain,,,,,True
849,Gemeindewerke Brüggen GmbH,,,,,True
850,Gemeindewerke Cadolzburg,,,,,True
851,Gemeindewerke Dudenhofen,,,,,True
852,Gemeindewerke Ebersdorf,,,,,True
853,Gemeindewerke Eppelborn GmbH & Co. KG,,,,,True
854,Gemeindewerke Everswinkel GmbH,,,,,True
855,Gemeindewerke Gangkofen,,,,,True
856,Gemeindewerke Grefrath GmbH,,,,,True
857,Gemeindewerke Heusweiler GmbH,,,,,True
858,Gemeindewerke Hütschenhausen c/o Stadtwerke Ramstein-Miesenbach,,,,,True
859,Gemeindewerke Kahl Versorgungsgesellschaft mbH,,,,,True
860,Gemeindewerke Kirkel GmbH,,,,,True
861,Gemeindewerke Kleinblittersdorf GmbH & Co. KG,,,,,True
862,Gemeindewerke Krauchenwies,,,,,True
863,Gemeindewerke Lam,,,,,True
864,Gemeindewerke Malente,,,,,True
865,Gemeindewerke Markt Stockstadt am Main,,,,,True
866,Gemeindewerke Münchweiler AöR,,,,,True
867,Gemeindewerke Ruppichteroth,,,,,True
868,Gemeindewerke St. Michel-Energie GmbH,,,,,True
869,Gemeindewerke Thüngen,,,,,True
870,Gemeindewerke Waldfischbach-Burgalben,,,,,True
871,Gemeindewerke Wickede (Ruhr) GmbH,,,,,True
872,Gemeindewerke Wilhermsdorf,,,,,True
873,GEO Gesellschaft für Energieversorgung Ostalb mbH,,,,,True
874,Getreidemühle Zwiefalten e.G.,,,,,True
875,goldgas GmbH,,,,,True
876,Grüner Funke - eine Marke der Fuxx-Die Sparenergie GmbH,,,,,True
877,grünES GmbH,,,,,True
878,Grünwelt Wärmestrom GmbH,,,,,True
879,Gut & Grün - eine Marke der Stadtwerke Bochum GmbH,,,,,True
880,Halberstadtwerke GmbH,,,,,True
881,Heldenstrom - eine Marke der 24/7 Energie & Kommunikation GmbH,,,,,True
882,Hermann Geuder Elektrizitätswerk,,,,,True
883,Hertener Stadtwerke GmbH,,,,,True
884,hev Hohenloher Energie Versorgung GmbH,,,,,True
885,HochsauerlandEnergie GmbH,,,,,True
886,Hoyer Strom und Erdgas GmbH,,,,,True
887,idealenergie - eine Marke der 365 AG,,,,,True
888,illwerke vkw AG,,,,,True
889,immergrün! Energie - eine Marke der 365 AG,,,,,True
890,In(n) Energie GmbH,,,,,True
891,INNergie - eine Marke der Stadtwerke Rosenheim Versorgungs GmbH,,,,,True
892,INNERSTE ENERGIE - eine Marke der WEVG Salzgitter GmbH & Co. KG,,,,,True
893,innogy Direkt GmbH,,,,,True
894,innogy SE,,,,,True
895,KEEP - Kommunale Eisenberger Energiepartner GmbH,,,,,True
896,KESLAR GmbH,,,,,True
897,KEW Karwendel Energie & Wasser GmbH,,,,,True
898,KEW Kommunale Energie- und Wasserversorgung AG,,,,,True
899,Knauber Strom - eine Marke der Knauber Erdgas GmbH,,,,,True
900,Kreiswerke Main-Kinzig GmbH,,,,,True
901,Kröger Management GmbH & Co. Windpark Francop KG - in Kooperation mit der enyway GmbH,,,,,True
902,LE Energy Solutions GmbH,,,,,True
903,Lechwerke AG,,,,,True
904,Leu Energie GmbH & Co. KG,,,,,True
905,Licht- und Kraftwerke Sonneberg GmbH,,,,,True
906,LUDVIKK - eine Marke von TWL Energie Deutschland GmbH,,,,,True
907,LÜNESTROM - eine Marke der FIRSTCON GmbH,,,,,True
908,medl GmbH,,,,,True
909,meinheizstrom.de - eine Marke der E.VITA GmbH,,,,,True
910,NatürlichEnergie EMH GmbH,,,,,True
911,N-ERGIE Aktiengesellschaft,,,,,True
912,Nord Stadtwerke GmbH,,,,,True
913,normenergie - eine Marke der GFM Gesellschaft für Messdienstleistungen mbH,,,,,True
914,nvb Nordhorner Versorgungsbetriebe GmbH,,,,,True
915,Ohra Energie GmbH,,,,,True
916,OIE AG,,,,,True
917,ORIGINAL ENERGIE - eine Marke der Stadtwerke Oranienburg GmbH,,,,,True
918,OrtenauEnergie - eine Marke des E-Werk Mittelbaden,,,,,True
919,Osterland Energie - eine Marke der Energie- und Wasserversorgung Altenburg GmbH,,,,,True
920,ourPOWER - eine Marke der infra fürth gmbh,,,,,True
921,PaderEnergy - eine Marke der LSW Energie GmbH & Co. KG,,,,,True
922,PassatEnergie GmbH,,,,,True
923,phönixstrom von der PCS GmbH in Kooperation mit der Energiegenossenschaft Rhein-Ruhr eG,,,,,True
924,Polarstern GmbH,,,,,True
925,priostrom - eine Marke der ExtraEnergie GmbH,,,,,True
926,PRO vitaenergie - eine Marke der KEW Kommunale Energie- und Wasserversorgung AG,,,,,True
927,proefa GmbH,,,,,True
928,PROKON Regenerative Energien eG,,,,,True
929,PVU Prignitzer Energie- und Wasserversorgungsunternehmen GmbH,,,,,True
930,Queichtal Energie Offenbach GmbH & Co. KG,,,,,True
931,R(H)EINPOWER - eine Marke der Stadtwerke Duisburg AG,,,,,True
932,Regionale EnergieWerke GmbH,,,,,True
933,Regionalwerk Würmtal GmbH & Co. KG,,,,,True
934,RELAX-STROM - eine Marke der optimization engineers GmbH,,,,,True
935,Renergiewerke Buttenwiesen GmbH,,,,,True
936,RevierKraft - eine Marke der Energieversorgung Oberhausen AG,,,,,True
937,REWAG Regensburger Energie- und Wasserversorgung AG & Co KG,,,,,True
938,Rödl GmbH,,,,,True
939,ROTHSTROM - eine Marke der Adolf ROTH GmbH & Co. KG,,,,,True
940,RUCK ZUCK Energie - eine Marke Energieversorgung Pirna GmbH,,,,,True
941,Rupert Buchauer E-Werk & Elektrotechnik,,,,,True
942,Saergas GmbH & Co. KG,,,,,True
943,Schtrom - eine Marke der Elektrizitätswerke Schönau Vertriebs GmbH,,,,,True
944,schwarzwald energy GmbH,,,,,True
945,SEW Stromversorgungs-GmbH,,,,,True
946,Shell PrivatEnergie GmbH,,,,,True
947,Silphienergie GmbH,,,,,True
948,SimplyGreen von ENTEGA Energie GmbH,,,,,True
949,Sömmerdaer Energieversorgung GmbH,,,,,True
950,Spätzle Strom - ein Marke der EHINGER ENERGIE Stromvertrieb GmbH & Co. KG,,,,,True
951,SpreeGas Gesellschaft für Gasversorgung und Energiedienstleistung mbH,,,,,True
952,SSW - Stadtwerke St. Wendel GmbH & Co. KG,,,,,True
953,Städtische Werke Borna GmbH,,,,,True
954,Stadtwerk Rheda-Wiedenbrück GmbH & Co. KG,,,,,True
955,Stadtwerk Verl GmbH,,,,,True
956,Stadtwerke Ahaus GmbH,,,,,True
957,Stadtwerke Ahlen GmbH,,,,,True
958,Stadtwerke Amberg Versorgungs GmbH,,,,,True
959,Stadtwerke Annaberg-Buchholz Energie AG,,,,,True
960,Stadtwerke Aue - Bad Schlema GmbH,,,,,True
961,Stadtwerke Aurich GmbH,,,,,True
962,Stadtwerke Bad Belzig GmbH,,,,,True
963,Stadtwerke Bad Bergzabern GmbH,,,,,True
964,Stadtwerke Bad Harzburg GmbH,,,,,True
965,Stadtwerke Bad Rodach,,,,,True
966,Stadtwerke Baden-Baden,,,,,True
967,Stadtwerke Balve GmbH Vertriebs- und Servicegesellschaft,,,,,True
968,Stadtwerke Barsinghausen GmbH,,,,,True
969,Stadtwerke Bernburg GmbH,,,,,True
970,Stadtwerke Bitterfeld-Wolfen GmbH,,,,,True
971,Stadtwerke Böhmetal GmbH,,,,,True
972,Stadtwerke Borken/Westfalen GmbH,,,,,True
973,Stadtwerke Bramsche GmbH,,,,,True
974,Stadtwerke Brilon Energie GmbH,,,,,True
975,Stadtwerke Burgbernheim,,,,,True
976,Stadtwerke Cham GmbH,,,,,True
977,Stadtwerke Coesfeld GmbH,,,,,True
978,Stadtwerke Delitzsch GmbH,,,,,True
979,Stadtwerke Delmenhorst GmbH,,,,,True
980,Stadtwerke Diez GmbH,,,,,True
981,Stadtwerke Dillingen/Saar GmbH,,,,,True
982,Stadtwerke Dingolfing GmbH,,,,,True
983,Stadtwerke Dinkelsbühl,,,,,True
984,Stadtwerke Dorfen GmbH,,,,,True
985,Stadtwerke Dreieich GmbH,,,,,True
986,Stadtwerke Dülmen GmbH,,,,,True
987,Stadtwerke Eberbach,,,,,True
988,Stadtwerke Eichstätt Versorgungs-GmbH,,,,,True
989,Stadtwerke Eilenburg GmbH,,,,,True
990,Stadtwerke Eisenhüttenstadt GmbH,,,,,True
991,Stadtwerke Eppingen GmbH & Co. KG,,,,,True
992,Stadtwerke Forst GmbH,,,,,True
993,Stadtwerke Friedrichsthal GmbH & Co. KG,,,,,True
994,Stadtwerke Fröndenberg GmbH,,,,,True
995,Stadtwerke Furth im Wald GmbH & Co. KG,,,,,True
996,Stadtwerke Gaggenau,,,,,True
997,Stadtwerke Glauchau Dienstleistungsgesellschaft mbH,,,,,True
998,Stadtwerke GmbH Bad Kreuznach,,,,,True
999,Stadtwerke Gotha GmbH,,,,,True
1000,Stadtwerke Göttingen AG,,,,,True
1001,Stadtwerke Großalmerode GmbH & Co. KG - eine Marke der Städtische Werke AG Kassel,,,,,True
1002,Stadtwerke Güstrow GmbH,,,,,True
1003,Stadtwerke Haldensleben GmbH,,,,,True
1004,Stadtwerke Haltern am See GmbH,,,,,True
1005,Stadtwerke Hanau GmbH,,,,,True
1006,Stadtwerke Havelberg GmbH,,,,,True
1007,Stadtwerke Hechingen,,,,,True
1008,Stadtwerke Heilbad Heiligenstadt GmbH,,,,,True
1009,Stadtwerke Heiligenhafen,,,,,True
1010,Stadtwerke Hemau,,,,,True
1011,Stadtwerke Hemer GmbH,,,,,True
1012,Stadtwerke Herrenberg,,,,,True
1013,Stadtwerke Hettstedt GmbH,,,,,True
1014,Stadtwerke Hollfeld,,,,,True
1015,Stadtwerke Horb am Neckar,,,,,True
1016,Stadtwerke Ilmenau GmbH,,,,,True
1017,Stadtwerke Ingolstadt Energie GmbH,,,,,True
1018,Stadtwerke Kalkar GmbH & Co. KG,,,,,True
1019,Stadtwerke Kempen GmbH,,,,,True
1020,Stadtwerke Kerpen - in Kooperation mit innogy SE,,,,,True
1021,Stadtwerke Kirn GmbH,,,,,True
1022,Stadtwerke Kulmbach,,,,,True
1023,Stadtwerke Lage GmbH,,,,,True
1024,Stadtwerke Landau a.d. Isar,,,,,True
1025,Stadtwerke Landsberg KU,,,,,True
1026,Stadtwerke Landshut,,,,,True
1027,Stadtwerke Langenfeld GmbH,,,,,True
1028,Stadtwerke Lebach GmbH & Co. KG,,,,,True
1029,Stadtwerke Lehrte GmbH,,,,,True
1030,Stadtwerke Leine - Solling GmbH,,,,,True
1031,Stadtwerke Leinefelde-Worbis GmbH,,,,,True
1032,Stadtwerke Leinfelden-Echterdingen,,,,,True
1033,Stadtwerke Leutershausen,,,,,True
1034,Stadtwerke Lichtenfels,,,,,True
1035,Stadtwerke Lingen GmbH,,,,,True
1036,Stadtwerke Loitz GmbH,,,,,True
1037,Stadtwerke Lübz GmbH,,,,,True
1038,Stadtwerke Ludwigsburg-Kornwestheim GmbH,,,,,True
1039,Stadtwerke Ludwigslust-Grabow GmbH,,,,,True
1040,Stadtwerke Lünen GmbH,,,,,True
1041,Stadtwerke Lutherstadt Eisleben GmbH,,,,,True
1042,Stadtwerke Malchow,,,,,True
1043,Stadtwerke Menden GmbH,,,,,True
1044,Stadtwerke Merseburg GmbH,,,,,True
1045,Stadtwerke Merzig GmbH,,,,,True
1046,Stadtwerke Münster GmbH,,,,,True
1047,Stadtwerke Nettetal GmbH,,,,,True
1048,Stadtwerke Neuburg a. d. Donau,,,,,True
1049,Stadtwerke Neuenhaus GmbH,,,,,True
1050,Stadtwerke Neunburg vorm Wald Strom GmbH,,,,,True
1051,Stadtwerke Neustadt an der Donau,,,,,True
1052,Stadtwerke Niederrhein - eine Marke der Stadtwerke Goch GmbH,,,,,True
1053,Stadtwerke Niesky GmbH,,,,,True
1054,Stadtwerke Nordfriesland,,,,,True
1055,Stadtwerke Oberriexingen GmbH,,,,,True
1056,Stadtwerke Oberursel (Taunus) GmbH,,,,,True
1057,Stadtwerke Ochtrup,,,,,True
1058,Stadtwerke OELSNITZ/V. GmbH,,,,,True
1059,Stadtwerke Oerlinghausen GmbH,,,,,True
1060,Stadtwerke Olbernhau GmbH,,,,,True
1061,Stadtwerke Oldenburg in Holstein GmbH,,,,,True
1062,Stadtwerke Ostmünsterland GmbH & Co. KG,,,,,True
1063,Stadtwerke Overath Energie GmbH,,,,,True
1064,Stadtwerke Paderborn GmbH,,,,,True
1065,Stadtwerke Pappenheim,,,,,True
1066,Stadtwerke Parchim GmbH,,,,,True
1067,Stadtwerke Pasewalk GmbH,,,,,True
1068,Stadtwerke Plattling,,,,,True
1069,Stadtwerke Porta Westfalica GmbH,,,,,True
1070,Stadtwerke Radevormwald GmbH,,,,,True
1071,Stadtwerke Rees GmbH,,,,,True
1072,Stadtwerke Rhede GmbH,,,,,True
1073,Stadtwerke Riesa GmbH,,,,,True
1074,Stadtwerke Rietberg-Langenberg GmbH,,,,,True
1075,StadtWerke Rösrath - Energie GmbH,,,,,True
1076,Stadtwerke Röthenbach a. d. Pegnitz GmbH,,,,,True
1077,Stadtwerke Saarlouis GmbH,,,,,True
1078,Stadtwerke Sangerhausen GmbH,,,,,True
1079,Stadtwerke Schloß Holte-Stukenbrock,,,,,True
1080,Stadtwerke Schneeberg GmbH,,,,,True
1081,Stadtwerke Schönebeck GmbH,,,,,True
1082,Stadtwerke Schwarzenberg GmbH,,,,,True
1083,Stadtwerke Schweinfurt GmbH,,,,,True
1084,Stadtwerke Schwerte GmbH,,,,,True
1085,Stadtwerke Senftenberg GmbH,,,,,True
1086,Stadtwerke Sindelfingen GmbH,,,,,True
1087,Stadtwerke St. Ingbert GmbH,,,,,True
1088,Stadtwerke Stadtoldendorf GmbH,,,,,True
1089,Stadtwerke Stadtroda GmbH,,,,,True
1090,Stadtwerke Steinfurt GmbH,,,,,True
1091,Stadtwerke Sulzbach/Saar GmbH,,,,,True
1092,Stadtwerke Tirschenreuth,,,,,True
1093,Stadtwerke Uetersen GmbH,,,,,True
1094,Stadtwerke Velbert GmbH,,,,,True
1095,Stadtwerke Versmold GmbH,,,,,True
1096,Stadtwerke Vilshofen GmbH,,,,,True
1097,Stadtwerke Vlotho GmbH,,,,,True
1098,Stadtwerke Voerde GmbH,,,,,True
1099,Stadtwerke Völklingen Vertrieb GmbH,,,,,True
1100,Stadtwerke Wadern GmbH,,,,,True
1101,Stadtwerke Waldkirchen,,,,,True
1102,Stadtwerke Waldmünchen,,,,,True
1103,Stadtwerke Walldürn GmbH,,,,,True
1104,Stadtwerke Waltrop GmbH & Co. KG,,,,,True
1105,Stadtwerke Waren GmbH,,,,,True
1106,Stadtwerke Weinstadt,,,,,True
1107,Stadtwerke Weißwasser GmbH,,,,,True
1108,Stadtwerke Werl GmbH,,,,,True
1109,Stadtwerke Windsbach,,,,,True
1110,Stadtwerke Wissen GmbH,,,,,True
1111,Stadtwerke Witten GmbH,,,,,True
1112,Stadtwerke Wittenberge GmbH,,,,,True
1113,Stadtwerke Wolmirstedt GmbH,,,,,True
1114,Stadtwerke Wunstorf GmbH & Co. KG,,,,,True
1115,Stern Strom GmbH,,,,,True
1116,strasserauf - eine Marke der Energieversorgung Oberhausen AG,,,,,True
1117,STROGON GmbH,,,,,True
1118,Strom Germering GmbH,,,,,True
1119,Strom.Manufaktur - eine Marke der DREWAG - Stadtwerke Dresden GmbH,,,,,True
1120,Stromversorgung Angermünde GmbH,,,,,True
1121,Stromversorgung Markt Egloffstein,,,,,True
1122,Stromversorgung Unterwössen Döllerer & Greimel GmbH,,,,,True
1123,StWL Städtische Werke Lauf a.d. Pegnitz GmbH,,,,,True
1124,SÜC Energie und H2O GmbH,,,,,True
1125,SUEnergie GmbH & Co. KG,,,,,True
1126,sunshine energie - eine Marke der SWR Energie . Service . Bau GmbH,,,,,True
1127,SWB Energie- und Wasserversorgung Bonn/Rhein-Sieg GmbH,,,,,True
1128,swb Vertrieb Bremen GmbH,,,,,True
1129,swb Vertrieb Bremerhaven GmbH & Co. KG,,,,,True
1130,SWE Energie GmbH,,,,,True
1131,SWK Energie GmbH,,,,,True
1132,SWN Stadtwerke Neumünster GmbH,,,,,True
1133,SWN Stadtwerke Neustadt GmbH,,,,,True
1134,SWR Energie GmbH & Co. KG,,,,,True
1135,SWU Energie GmbH,,,,,True
1136,SWV Regional GmbH,,,,,True
1137,Technische Werke der Gemeinde Losheim GmbH,,,,,True
1138,Technische Werke Naumburg GmbH,,,,,True
1139,TWS Technische Werke der Gemeinde Saarwellingen GmbH,,,,,True
1140,TWS Thüringer Wärme Service GmbH,,,,,True
1141,Überlandwerk Eppler GmbH,,,,,True
1142,ubitricity Gesellschaft für verteilte Energiesysteme mbH,,,,,True
1143,Ver- und Entsorgungsgesellschaft mbH Sersheim,,,,,True
1144,Verbandsgemeindewerk Dannstadt-Schauernheim,,,,,True
1145,Versorgungsbetriebe Röttingen,,,,,True
1146,Vestische Energie GmbH,,,,,True
1147,ViShare - in Kooperation mit der Digital Energy Solutions GmbH & Co. KG,,,,,True
1148,voltera - eine Marke der Energy2day GmbH,,,,,True
1149,Warsteiner Verbundgesellschaft mbH,,,,,True
1150,"WEP Wärme-, Energie- und Prozesstechnik GmbH",,,,,True
1151,Westenthanner Energieversorgung GmbH,,,,,True
1152,Westfalen AG,,,,,True
1153,WestfalenWIND Strom GmbH,,,,,True
1154,WIND LINE,,,,,True
1155,WSE Energiedienstleistungen GmbH,,,,,True
1156,Wunderwerk AG,,,,,True
